index,aa_id,pdb_id,chain_id,pos,wtAA,prAA,wt_prob,pred_prob,avg_log_ratio,prALA,prARG,prASN,prASP,prCYS,prGLN,prGLU,prGLY,prHIS,prILE,prLEU,prLYS,prMET,prPHE,prPRO,prSER,prTHR,prTRP,prTYR,prVAL,prHydrophobic,prAromatic,prPolarUncharged,prCationic,prAnionic,prCharged,prSmall,prSulfur,prAcyl,prAlcohol
0,6ij6_A,6ij6,A,31,SER,SER,0.696260433,0.696260433,0,0.034268575,8.63E-05,0.00123816,0.000754226,0.008975997,0.001223863,0.001436277,0.018260566,0.002218475,3.67E-06,0.000220321,0.000154938,0.001255196,8.69E-05,0.085951427,0.696260433,0.147469949,9.48E-06,6.96E-05,5.57E-05,0.13073,0.00238,0.84848,0.00246,0.00219,0.00465,0.05253,0.01023,0.00465,0.8438
1,6ij6_A,6ij6,A,32,HIS,HIS,0.921090641,0.921090641,0,1.58E-07,9.60E-05,0.00213042,3.31E-05,4.30E-06,0.000927032,0.000251128,2.19E-08,0.921090641,8.67E-07,8.98E-06,0.000369663,0.00012321,0.052750725,3.95E-08,4.35E-07,1.23E-06,0.00071058,0.021501065,4.84E-07,0.00014,0.99605,0.94565,0.92156,0.00028,0.92184,0,0.00013,0.00334,0.0215
2,6ij6_A,6ij6,A,33,MET,GLN,0.073697071,0.367475342,1.691,2.61E-05,0.003707642,0.007216796,0.004472999,0.000351452,0.367475342,0.358970587,4.41E-06,0.044064479,0.005947864,0.065199493,0.06235026,0.073697071,0.000431427,3.52E-05,0.000608647,0.003459629,1.91E-05,0.000469903,0.001491692,0.14675,0.04498,0.42329,0.11012,0.36344,0.47357,3.00E-05,0.07405,0.73814,0.00454
3,6ij6_A,6ij6,A,34,ARG,LEU,0.029936946,0.788885072,3.413,4.24E-07,0.029936946,0.018808775,0.000174711,8.09E-05,0.003450089,0.000491599,3.31E-07,0.097907058,0.032454173,0.788885072,0.021007317,0.004429694,0.000553727,6.26E-07,1.92E-05,0.001200349,4.26E-05,9.23E-05,0.000464032,0.82631,0.0986,0.12148,0.14885,0.00067,0.14952,0,0.00451,0.02293,0.00131
4,6ij6_A,6ij6,A,35,GLY,GLY,0.999983186,0.999983186,0,1.61E-05,1.64E-11,2.02E-10,4.22E-10,6.13E-09,2.09E-11,2.92E-11,0.999983186,8.27E-12,4.65E-13,5.34E-12,2.22E-11,4.26E-12,6.16E-12,4.74E-10,7.28E-07,2.18E-10,4.15E-13,1.46E-12,4.80E-12,2.00E-05,0,0,0,0,0,1,0,0,0
5,6ij6_A,6ij6,A,36,PRO,PRO,0.999424454,0.999424454,0,0.000121968,7.42E-06,7.60E-05,6.96E-05,3.36E-06,9.25E-06,4.12E-05,0.000145545,7.12E-06,9.99E-08,4.68E-06,9.78E-06,1.53E-06,1.21E-06,0.999424454,5.78E-05,1.64E-05,2.16E-07,1.31E-06,9.67E-07,0.99956,1.00E-05,0.00017,2.00E-05,0.00011,0.00014,0.00027,0,0.0002,8.00E-05
6,6ij6_A,6ij6,A,37,ASN,ASP,0.069150287,0.929646883,2.651,3.69E-05,5.40E-05,0.069150287,0.929646883,0.000110102,1.29E-05,0.000159567,4.61E-07,9.40E-05,5.49E-06,2.61E-06,0.000191507,5.38E-06,2.17E-06,8.20E-07,0.000452718,5.61E-05,2.41E-07,1.87E-06,1.60E-05,0.00018,0.0001,0.06977,0.00034,0.92981,0.93015,4.00E-05,0.00012,0.99897,0.00051
7,6ij6_A,6ij6,A,38,PRO,PRO,0.999999965,0.999999965,0,3.33E-08,1.00E-12,4.99E-12,5.99E-13,4.81E-11,2.00E-12,3.38E-12,1.23E-09,2.40E-13,2.23E-14,6.98E-14,3.61E-13,3.47E-13,1.69E-14,0.999999965,1.65E-10,1.45E-12,1.85E-15,1.88E-14,9.94E-13,1,0,0,0,0,0,0,0,0,0
8,6ij6_A,6ij6,A,39,THR,THR,0.99381453,0.99381453,0,2.91E-06,6.76E-05,2.16E-05,6.64E-06,6.50E-06,0.000143537,0.000179567,4.12E-08,2.58E-06,2.34E-06,3.72E-05,0.000154256,1.24E-05,1.99E-07,5.42E-08,0.005533447,0.99381453,5.37E-08,2.49E-07,1.43E-05,8.00E-05,0,0.99952,0.00022,0.00019,0.00041,0,2.00E-05,0.00035,0.99935
9,6ij6_A,6ij6,A,40,ALA,ALA,0.80819085,0.80819085,0,0.80819085,0.000196584,0.006844643,0.01939169,0.000380312,0.000500463,0.002813598,8.36E-05,2.46E-05,3.95E-06,1.13E-05,0.000550661,1.72E-05,1.26E-06,5.33E-05,0.155027599,0.005723645,7.67E-07,2.06E-06,0.000181948,0.80884,3.00E-05,0.16812,0.00077,0.02221,0.02298,0.80827,0.0004,0.02955,0.16075
10,6ij6_A,6ij6,A,41,ALA,GLU,0.22069893,0.381255745,0.547,0.22069893,0.040353301,0.025880646,0.057756704,0.000611745,0.093691097,0.381255745,0.000114279,0.009045905,0.000595954,0.006314947,0.107142809,0.001593939,0.00103787,5.57E-05,0.025527411,0.025102909,0.000487286,0.001051799,0.001680996,0.23155,0.01162,0.1803,0.15654,0.43901,0.59555,0.22081,0.00221,0.55858,0.05168
11,6ij6_A,6ij6,A,42,SER,SER,0.984285679,0.984285679,0,0.007815734,6.98E-06,0.000119155,0.000327882,6.86E-05,0.000119977,0.000193906,7.45E-06,4.13E-07,1.62E-06,2.10E-05,3.76E-06,1.75E-05,8.89E-08,7.96E-07,0.984285679,0.006980226,2.95E-08,9.91E-08,2.91E-05,0.00795,0,0.99151,1.00E-05,0.00052,0.00053,0.00782,9.00E-05,0.00076,0.99127
12,6ij6_A,6ij6,A,43,LEU,LEU,0.999996163,0.999996163,0,5.19E-12,6.77E-12,1.33E-09,5.45E-11,4.38E-09,2.08E-08,2.54E-09,1.17E-13,2.57E-10,3.09E-09,0.999996163,4.80E-11,3.80E-06,1.58E-09,4.83E-14,2.54E-11,8.35E-11,4.60E-12,3.43E-11,3.35E-11,1,0,0,0,0,0,0,0,0,0
13,6ij6_A,6ij6,A,44,GLU,GLU,0.993522208,0.993522208,0,2.63E-08,1.40E-06,2.19E-05,3.91E-06,2.50E-06,0.006155162,0.993522208,5.99E-10,2.20E-07,2.95E-08,5.28E-06,3.20E-05,0.000255029,2.62E-09,3.87E-10,1.20E-07,1.53E-07,2.22E-09,4.37E-09,4.45E-09,0.00026,0,0.00618,3.00E-05,0.99353,0.99356,0,0.00026,0.9997,0
14,6ij6_A,6ij6,A,45,ALA,ALA,0.98445311,0.98445311,0,0.98445311,2.36E-07,3.46E-06,1.10E-05,8.48E-06,1.78E-06,1.47E-06,2.98E-05,1.88E-07,2.27E-09,2.14E-08,7.26E-07,2.56E-08,1.20E-08,2.12E-07,0.015486955,2.34E-06,2.65E-09,1.50E-08,9.40E-08,0.98446,0,0.01549,0,1.00E-05,1.00E-05,0.98448,1.00E-05,2.00E-05,0.01549
15,6ij6_A,6ij6,A,46,SER,ALA,0.094783831,0.757588405,2.312,0.757588405,0.006902603,0.002570118,0.027277755,0.000969496,0.006691314,0.060574145,0.004110818,0.000121843,4.66E-05,0.000468514,0.034022813,0.000538158,2.99E-05,9.25E-05,0.094783831,0.002857206,1.34E-05,2.75E-05,0.000313024,0.76002,0.00019,0.10705,0.04105,0.08785,0.1289,0.7617,0.00151,0.09711,0.09767
16,6ij6_A,6ij6,A,47,ALA,ALA,0.615783504,0.615783504,0,0.615783504,0.001712328,0.018925786,0.008276106,0.007908218,0.001426085,0.006744205,0.007270779,0.001028998,5.93E-05,0.000919013,0.006764574,0.000372601,8.45E-05,0.000127621,0.23174708,0.088988789,1.74E-05,7.96E-05,0.001763469,0.62693,0.00121,0.3422,0.00951,0.01502,0.02453,0.62305,0.00828,0.03537,0.32082
17,6ij6_A,6ij6,A,48,GLY,GLY,0.999999941,0.999999941,0,1.85E-08,3.93E-10,1.79E-09,2.89E-09,1.46E-09,4.60E-10,8.18E-10,0.999999941,1.09E-10,3.29E-11,1.89E-10,8.16E-10,1.12E-10,1.42E-10,3.74E-10,2.95E-08,9.30E-10,2.09E-11,7.83E-11,1.47E-10,0,0,0,0,0,0,1,0,0,0
18,6ij6_A,6ij6,A,49,PRO,PRO,0.999757345,0.999757345,0,8.91E-05,1.08E-09,1.36E-07,8.20E-07,2.82E-07,5.86E-08,4.97E-08,4.15E-06,3.72E-09,3.58E-10,2.22E-10,2.17E-09,2.37E-09,1.61E-10,0.999757345,0.00014794,1.11E-07,1.40E-11,1.48E-10,2.71E-09,0.99985,0,0.00015,0,0,0,9.00E-05,0,0,0.00015
19,6ij6_A,6ij6,A,50,PHE,PHE,0.593304671,0.593304671,0,3.70E-12,2.79E-07,1.86E-08,3.42E-10,8.68E-10,5.60E-09,1.96E-09,1.63E-12,5.32E-05,4.50E-11,3.90E-08,7.35E-08,7.06E-07,0.593304671,2.05E-12,1.33E-11,2.02E-11,0.009019815,0.397621228,3.74E-11,0,1,0.39767,5.00E-05,0,5.00E-05,0,0,0,0.39762
20,6ij6_A,6ij6,A,51,THR,THR,0.402165147,0.402165147,0,0.057063668,0.004757665,0.082656459,0.0377267,0.005601595,0.013234252,0.086241542,0.000653306,0.000486581,0.006084254,0.003910818,0.041068247,0.000760409,6.13E-05,5.36E-05,0.032454644,0.402165147,1.11E-05,7.29E-05,0.224935838,0.29841,0.00063,0.53107,0.04631,0.12397,0.17028,0.05772,0.00636,0.21986,0.43469
21,6ij6_A,6ij6,A,52,VAL,VAL,0.999423522,0.999423522,0,2.94E-07,3.34E-09,4.59E-07,4.35E-08,6.32E-06,3.35E-08,3.26E-08,2.08E-09,3.78E-09,0.000371162,1.76E-07,7.49E-09,1.08E-07,3.53E-09,4.23E-08,5.99E-07,0.000197187,6.48E-10,8.55E-10,0.999423522,0.9998,0,0.0002,0,0,0,0,1.00E-05,0,0.0002
22,6ij6_A,6ij6,A,53,ARG,LYS,0.02820492,0.560729779,2.989,9.70E-05,0.02820492,0.013202523,0.000377825,6.56E-05,0.314415696,0.06734936,1.44E-06,3.04E-05,0.000258989,0.006832874,0.560729779,0.00797773,5.03E-06,1.30E-06,0.000182799,9.86E-05,4.73E-06,5.54E-06,0.000157897,0.01539,5.00E-05,0.32794,0.58897,0.06773,0.65669,0.0001,0.00804,0.39535,0.00029
23,6ij6_A,6ij6,A,54,SER,SER,0.987492237,0.987492237,0,0.010420127,6.41E-07,0.00013834,0.000373441,0.001302019,3.07E-06,7.01E-06,8.07E-05,1.98E-05,2.37E-09,2.48E-07,1.45E-06,7.37E-07,5.32E-07,1.61E-07,0.987492237,0.000158516,9.53E-08,8.11E-07,5.49E-08,0.01172,2.00E-05,0.98781,2.00E-05,0.00038,0.0004,0.0105,0.0013,0.00052,0.98765
24,6ij6_A,6ij6,A,55,PHE,PHE,0.998213525,0.998213525,0,3.25E-10,1.40E-09,8.29E-08,5.88E-09,5.57E-08,2.46E-07,1.11E-07,1.53E-11,4.26E-05,2.65E-07,5.02E-06,4.03E-08,2.73E-05,0.998213525,9.53E-11,2.37E-09,4.53E-08,5.66E-07,0.001709807,2.93E-07,3.00E-05,0.99997,0.00175,4.00E-05,0,4.00E-05,0,3.00E-05,0,0.00171
25,6ij6_A,6ij6,A,56,THR,THR,0.545763804,0.545763804,0,0.000238674,0.000479828,0.00284084,0.003269299,0.000280457,0.00093971,0.005276354,1.15E-06,1.10E-05,0.018026054,0.000140311,0.003332903,9.24E-05,1.48E-06,2.33E-06,0.00225712,0.545763804,2.01E-07,8.61E-07,0.41704523,0.43583,1.00E-05,0.55181,0.00382,0.00855,0.01237,0.00024,0.00037,0.01233,0.54802
26,6ij6_A,6ij6,A,57,VAL,VAL,0.996503677,0.996503677,0,2.11E-07,2.05E-09,5.30E-07,1.29E-06,1.57E-05,3.88E-08,5.65E-07,1.10E-09,1.63E-08,0.00331865,6.04E-07,6.12E-09,1.05E-07,1.38E-08,4.39E-09,3.55E-07,0.00015825,3.60E-10,2.76E-09,0.996503677,0.99984,0,0.00016,0,0,0,0,2.00E-05,0,0.00016
27,6ij6_A,6ij6,A,58,SER,ALA,0.023048221,0.782782982,3.537,0.782782982,0.01036426,0.005817088,0.033702579,0.000446351,0.007550376,0.099369737,0.001368267,0.000416021,0.000241293,0.005884908,0.020602664,0.000637722,0.000142215,5.33E-05,0.023048221,0.004378474,4.34E-05,0.000159961,0.002990158,0.79304,0.00076,0.04137,0.03138,0.13307,0.16446,0.78415,0.00108,0.14644,0.02759
28,6ij6_A,6ij6,A,59,ARG,THR,0.032493595,0.315961367,2.18,0.022334914,0.032493595,0.0562984,0.053637322,0.00564556,0.057535333,0.133666033,0.00032221,0.002896572,0.00410131,0.00101721,0.086769638,0.003366262,0.000448075,0.000159246,0.162474191,0.315961367,5.19E-05,0.000467799,0.060353036,0.09698,0.00386,0.59563,0.12216,0.1873,0.30946,0.02266,0.00901,0.30114,0.4789
29,6ij6_A,6ij6,A,60,PRO,PRO,0.999999794,0.999999794,0,5.50E-08,1.36E-10,1.23E-09,7.63E-11,9.41E-09,3.70E-08,8.18E-08,3.09E-10,1.46E-10,1.24E-11,5.66E-12,1.37E-10,2.70E-10,6.33E-12,0.999999794,6.45E-09,1.32E-08,1.15E-12,7.77E-12,5.36E-10,1,0,0,0,0,0,0,0,0,0
30,6ij6_A,6ij6,A,61,SER,THR,0.005400107,0.318525883,3.783,0.000385557,0.000931259,0.030905214,0.188770906,0.002229038,0.012460926,0.087690159,9.31E-06,0.008814856,0.024064305,0.019528336,0.001329428,0.001493407,0.001350716,2.33E-05,0.005400107,0.318525883,0.000223327,0.001927938,0.29393606,0.34166,0.01232,0.37803,0.01108,0.27646,0.28754,0.00039,0.00372,0.31983,0.32585
31,6ij6_A,6ij6,A,62,GLY,GLY,0.999998729,0.999998729,0,8.76E-07,3.54E-10,1.20E-08,2.51E-08,9.18E-09,5.99E-10,1.69E-09,0.999998729,1.29E-10,2.95E-12,4.76E-11,6.94E-10,1.68E-10,9.20E-11,9.71E-11,3.44E-07,3.41E-10,6.48E-12,3.00E-11,7.73E-12,0,0,0,0,0,0,1,0,0,0
32,6ij6_A,6ij6,A,63,TYR,PHE,0.278054801,0.699890743,1.321,7.57E-09,5.49E-06,3.28E-06,1.96E-08,5.99E-07,1.05E-05,2.18E-07,3.36E-09,0.021541281,8.10E-09,1.35E-06,1.25E-06,0.000208821,0.699890743,5.70E-10,2.80E-08,5.06E-08,0.000281541,0.278054801,2.34E-08,0.00021,0.99977,0.29961,0.02155,0,0.02155,0,0.00021,1.00E-05,0.27805
33,6ij6_A,6ij6,A,64,GLY,GLY,0.99999991,0.99999991,0,2.83E-08,1.31E-10,3.00E-09,7.46E-09,5.02E-09,8.32E-11,1.49E-10,0.99999991,1.17E-11,1.10E-12,3.14E-11,2.27E-10,2.32E-11,1.29E-11,3.77E-10,4.53E-08,1.06E-10,2.11E-12,7.45E-12,4.59E-12,0,0,0,0,0,0,1,0,0,0
34,6ij6_A,6ij6,A,65,ALA,ALA,0.688195149,0.688195149,0,0.688195149,3.01E-06,7.02E-05,0.000671962,8.21E-05,4.95E-06,1.99E-05,0.254560963,4.11E-07,1.03E-08,1.26E-07,9.61E-06,2.12E-07,6.70E-08,8.71E-07,0.056370733,9.45E-06,1.04E-08,5.22E-08,2.03E-07,0.68828,0,0.05646,1.00E-05,0.00069,0.0007,0.94276,8.00E-05,0.00077,0.05638
35,6ij6_A,6ij6,A,66,GLY,GLY,0.999997187,0.999997187,0,2.59E-06,4.41E-09,5.45E-09,7.87E-09,9.46E-09,3.42E-09,5.13E-09,0.999997187,7.65E-10,1.74E-10,1.94E-09,6.53E-09,1.14E-09,1.79E-09,1.49E-09,1.65E-07,5.57E-09,1.46E-10,6.78E-10,1.13E-09,0,0,0,0,0,0,1,0,0,0
36,6ij6_A,6ij6,A,67,THR,THR,0.536913297,0.536913297,0,9.13E-06,1.04E-06,0.047865242,0.005683771,0.002642069,2.30E-05,0.000102454,4.27E-08,2.11E-05,0.001252468,6.76E-07,3.14E-06,1.06E-05,1.24E-07,1.64E-07,0.000562586,0.536913297,1.68E-08,1.17E-07,0.404908924,0.40882,2.00E-05,0.58539,3.00E-05,0.00579,0.00581,1.00E-05,0.00265,0.05367,0.53748
37,6ij6_A,6ij6,A,68,VAL,VAL,0.99711427,0.99711427,0,2.57E-07,5.69E-11,2.68E-09,5.06E-10,3.26E-05,1.28E-10,6.12E-10,1.08E-09,5.55E-10,0.002852038,5.60E-08,6.40E-10,7.31E-09,1.38E-09,4.08E-10,1.59E-09,8.01E-07,3.01E-11,2.18E-10,0.99711427,1,0,0,0,0,0,0,3.00E-05,0,0
38,6ij6_A,6ij6,A,69,TYR,TYR,0.97782561,0.97782561,0,3.13E-14,9.22E-09,7.43E-11,1.91E-12,1.41E-12,5.18E-11,2.61E-11,9.91E-15,5.70E-06,5.97E-13,1.06E-12,4.68E-10,8.27E-10,0.019574122,5.53E-15,2.51E-13,8.89E-14,0.002594555,0.97782561,9.57E-14,0,1,0.97783,1.00E-05,0,1.00E-05,0,0,0,0.97783
39,6ij6_A,6ij6,A,70,TYR,TYR,0.984780221,0.984780221,0,2.76E-13,2.04E-08,1.20E-11,2.93E-13,3.27E-12,4.55E-11,5.68E-12,6.65E-15,5.46E-07,1.01E-13,1.56E-11,1.16E-09,2.18E-09,0.01508403,1.21E-15,8.93E-13,8.02E-14,0.00013518,0.984780221,1.99E-13,0,1,0.98478,0,0,0,0,0,0,0.98478
40,6ij6_A,6ij6,A,71,PRO,PRO,0.999999698,0.999999698,0,2.60E-07,7.34E-13,8.55E-11,9.93E-11,3.51E-10,2.58E-12,3.57E-12,4.11E-10,9.16E-13,1.73E-13,9.65E-14,5.92E-13,3.34E-13,4.81E-14,0.999999698,4.13E-08,8.95E-11,1.18E-14,9.32E-14,8.91E-12,1,0,0,0,0,0,0,0,0,0
41,6ij6_A,6ij6,A,72,THR,THR,0.948002051,0.948002051,0,0.000660868,6.22E-06,5.26E-05,0.000353508,0.001025515,7.88E-06,2.16E-05,4.66E-07,7.81E-08,3.62E-05,2.73E-07,4.22E-06,1.60E-06,1.70E-08,1.93E-06,0.009247451,0.948002051,2.11E-08,3.09E-08,0.040577442,0.0423,0,0.95731,1.00E-05,0.00038,0.00039,0.00066,0.00103,0.00044,0.95725
42,6ij6_A,6ij6,A,73,ASN,ASN,0.789600246,0.789600246,0,4.65E-08,4.25E-06,0.789600246,0.209689863,1.82E-05,7.98E-05,0.000524941,5.16E-09,2.99E-06,6.71E-06,4.30E-06,1.97E-05,2.10E-06,3.50E-08,2.17E-08,6.05E-06,1.21E-05,8.55E-09,3.16E-08,2.86E-05,6.00E-05,0,0.7897,3.00E-05,0.21021,0.21024,0,2.00E-05,0.99989,2.00E-05
43,6ij6_A,6ij6,A,74,ALA,ALA,0.810441796,0.810441796,0,0.810441796,8.06E-07,7.81E-05,0.000334082,0.003704867,4.22E-06,1.68E-05,1.42E-05,3.09E-05,7.71E-07,8.30E-07,2.00E-06,1.90E-06,5.95E-06,1.93E-05,0.184935192,0.000345777,1.09E-07,2.09E-06,6.03E-05,0.81423,4.00E-05,0.1854,3.00E-05,0.00035,0.00038,0.81046,0.00371,0.00043,0.18528
44,6ij6_A,6ij6,A,75,GLY,GLY,0.999999955,0.999999955,0,3.77E-08,8.86E-12,6.92E-10,9.66E-10,9.87E-11,7.12E-12,2.75E-11,0.999999955,5.76E-12,1.55E-14,8.63E-13,1.09E-11,2.05E-12,3.18E-12,1.61E-12,5.17E-09,3.27E-12,2.31E-13,8.99E-13,4.20E-14,0,0,0,0,0,0,1,0,0,0
45,6ij6_A,6ij6,A,76,GLY,GLY,0.999997959,0.999997959,0,1.96E-06,8.33E-12,2.16E-10,6.60E-10,2.17E-10,4.50E-12,1.10E-11,0.999997959,3.04E-12,6.11E-14,5.51E-13,1.31E-11,5.08E-13,1.37E-12,9.37E-12,7.61E-08,1.73E-11,1.01E-13,4.24E-13,4.54E-13,0,0,0,0,0,0,1,0,0,0
46,6ij6_A,6ij6,A,77,THR,VAL,0.428111826,0.492165645,0.332,0.014760404,0.000224924,0.005659582,0.022917455,0.001359862,0.002755307,0.011446189,8.88E-06,2.61E-05,0.00056174,0.000132343,0.000386928,0.000283593,3.63E-06,8.85E-05,0.019094501,0.428111826,3.66E-06,8.91E-06,0.492165645,0.50935,4.00E-05,0.45566,0.00064,0.03436,0.035,0.01477,0.00164,0.04278,0.44722
47,6ij6_A,6ij6,A,78,VAL,VAL,0.999111713,0.999111713,0,4.49E-07,2.94E-07,4.00E-06,1.29E-07,4.61E-05,1.18E-06,4.87E-07,1.21E-09,1.75E-08,0.000444447,2.28E-08,2.87E-08,2.18E-07,2.10E-09,9.61E-09,1.14E-06,0.000389794,5.78E-10,2.41E-09,0.999111713,0.9996,0,0.0004,0,0,0,0,5.00E-05,1.00E-05,0.00039
48,6ij6_A,6ij6,A,79,GLY,GLY,0.999997423,0.999997423,0,1.22E-06,3.70E-11,3.07E-10,1.18E-09,2.44E-09,8.37E-11,1.20E-10,0.999997423,6.82E-12,1.09E-12,5.53E-12,1.10E-10,2.18E-11,7.31E-12,1.07E-09,1.35E-06,3.58E-10,1.08E-12,3.64E-12,2.49E-12,0,0,0,0,0,0,1,0,0,0
49,6ij6_A,6ij6,A,80,ALA,ALA,0.989677699,0.989677699,0,0.989677699,1.11E-07,3.08E-07,1.53E-07,0.000202198,1.52E-07,4.80E-08,1.28E-06,5.73E-07,9.55E-08,5.82E-08,8.88E-08,1.01E-06,9.59E-08,8.84E-07,0.010020413,8.10E-05,3.17E-09,6.48E-08,1.37E-05,0.9899,0,0.0101,0,0,0,0.98968,0.0002,0,0.0101
50,6ij6_A,6ij6,A,81,ILE,ILE,0.997211929,0.997211929,0,1.49E-07,2.40E-09,1.94E-08,2.82E-09,8.19E-07,3.41E-08,2.58E-08,7.14E-10,2.94E-09,0.997211929,8.10E-06,1.44E-07,1.80E-06,4.83E-10,3.93E-09,6.44E-09,8.93E-07,2.23E-10,3.67E-10,0.002776068,1,0,0,0,0,0,0,0,0,0
51,6ij6_A,6ij6,A,82,ALA,SER,0.406411635,0.593416843,0.39,0.406411635,5.07E-08,8.14E-07,9.15E-07,0.000111435,2.95E-07,3.80E-07,2.44E-05,1.38E-08,8.73E-10,2.89E-09,6.54E-08,3.22E-08,1.66E-09,5.25E-07,0.593416843,3.24E-05,1.97E-10,1.80E-09,1.91E-07,0.40652,0,0.59345,0,0,0,0.40644,0.00011,0,0.59345
52,6ij6_A,6ij6,A,83,ILE,ILE,0.982688895,0.982688895,0,3.19E-07,3.85E-08,9.98E-07,1.20E-07,1.19E-05,7.88E-07,1.53E-06,2.17E-08,1.13E-06,0.982688895,0.000225318,1.03E-06,1.40E-05,1.80E-06,6.27E-08,9.40E-08,3.65E-06,1.21E-07,7.64E-07,0.017047416,0.99999,0,1.00E-05,0,0,0,0,3.00E-05,0,0
53,6ij6_A,6ij6,A,84,VAL,VAL,0.994101323,0.994101323,0,2.41E-06,4.72E-08,4.27E-06,8.11E-07,4.26E-05,4.84E-08,4.96E-08,1.48E-08,4.15E-08,0.002865478,5.47E-07,1.10E-07,5.84E-07,1.53E-08,3.00E-08,3.57E-06,0.002978013,3.83E-09,8.91E-09,0.994101323,0.99701,0,0.00299,0,0,0,0,4.00E-05,1.00E-05,0.00298
54,6ij6_A,6ij6,A,85,PRO,PRO,0.988799164,0.988799164,0,0.004335044,4.08E-09,1.19E-06,9.01E-07,2.68E-05,2.27E-08,1.36E-08,2.77E-05,2.12E-08,1.26E-09,6.72E-10,2.87E-09,4.49E-09,9.15E-10,0.988799164,0.006802271,6.79E-06,2.48E-10,1.01E-09,6.91E-08,0.99316,0,0.00681,0,0,0,0.00436,3.00E-05,0,0.00681
55,6ij6_A,6ij6,A,86,GLY,GLY,0.91716713,0.91716713,0,0.081747267,1.51E-08,6.07E-07,3.06E-07,2.65E-06,1.07E-08,9.19E-09,0.91716713,7.41E-09,1.35E-11,7.03E-10,4.93E-09,1.88E-09,1.17E-09,1.58E-06,0.001080357,5.19E-08,8.74E-11,5.47E-10,1.08E-10,0.08175,0,0.00108,0,0,0,0.99891,0,0,0.00108
56,6ij6_A,6ij6,A,87,TYR,ARG,0.084301069,0.502851723,2.138,7.82E-08,0.502851723,7.32E-06,1.18E-06,2.06E-06,0.000984228,0.000142791,4.18E-08,0.012612677,1.08E-05,0.002875534,0.375237547,0.003758463,0.015692426,4.76E-08,2.05E-07,1.26E-07,0.001521528,0.084301069,1.88E-07,0.00665,0.11413,0.09791,0.8907,0.00014,0.89085,0,0.00376,0.00114,0.0843
57,6ij6_A,6ij6,A,88,THR,THR,0.375398968,0.375398968,0,0.014042307,0.037209593,0.053817799,0.009839049,0.01750892,0.038006981,0.053330517,0.000128122,0.002777812,0.032186986,0.020945748,0.051480335,0.01190895,0.000732796,0.000107105,0.197557939,0.375398968,9.28E-05,0.000443683,0.082483544,0.17918,0.00405,0.668,0.09147,0.06317,0.15464,0.01417,0.02942,0.15499,0.5734
58,6ij6_A,6ij6,A,89,ALA,ALA,0.843751142,0.843751142,0,0.843751142,1.56E-07,1.43E-05,3.78E-05,0.000167211,2.61E-07,2.68E-07,0.015849731,1.29E-08,4.06E-09,1.81E-09,4.60E-08,3.11E-08,2.56E-09,3.64E-07,0.140073811,0.000104669,7.91E-10,1.52E-09,1.90E-07,0.84392,0,0.14019,0,4.00E-05,4.00E-05,0.8596,0.00017,5.00E-05,0.14018
59,6ij6_A,6ij6,A,90,ARG,ARG,0.616753027,0.616753027,0,2.22E-07,0.616753027,0.00137405,4.21E-06,1.45E-05,0.000647271,0.000146564,1.34E-07,0.234694866,1.36E-05,0.000219323,0.098655333,0.000698087,0.010794116,8.08E-08,3.73E-06,7.06E-05,0.000348513,0.035541837,1.99E-05,0.00097,0.28138,0.27233,0.9501,0.00015,0.95025,0,0.00071,0.00217,0.03562
60,6ij6_A,6ij6,A,91,GLN,ILE,0.000937066,0.982901313,7.417,9.46E-06,5.61E-05,6.41E-05,9.23E-07,3.46E-05,0.000937066,2.54E-05,5.59E-08,1.98E-07,0.982901313,4.21E-05,0.000169024,0.000109769,3.09E-09,1.72E-07,2.33E-05,0.005808115,1.27E-08,1.45E-08,0.009818136,0.99292,0,0.00683,0.00023,3.00E-05,0.00025,1.00E-05,0.00014,0.00103,0.00583
61,6ij6_A,6ij6,A,92,SER,SER,0.376745926,0.376745926,0,0.316496889,0.008471486,0.006320079,0.168587734,0.000893457,0.005599134,0.090712605,4.15E-05,3.47E-05,0.000188293,5.25E-05,0.015475796,0.000249926,8.80E-06,9.08E-05,0.376745926,0.008632558,4.57E-06,1.40E-05,0.001379346,0.31935,6.00E-05,0.39735,0.02398,0.2593,0.28328,0.31654,0.00114,0.27122,0.38539
62,6ij6_A,6ij6,A,93,SER,SER,0.656093004,0.656093004,0,0.342015447,1.28E-08,7.61E-06,0.000145007,0.000441548,2.41E-07,3.79E-07,2.40E-06,9.49E-08,4.60E-09,5.66E-10,8.57E-09,6.50E-09,2.41E-09,4.06E-07,0.656093004,0.001291653,4.65E-10,2.74E-09,2.17E-06,0.34246,0,0.65739,0,0.00015,0.00015,0.34202,0.00044,0.00015,0.65738
63,6ij6_A,6ij6,A,94,ILE,VAL,0.48945968,0.508964246,0.044,1.66E-06,8.32E-08,3.86E-05,5.11E-06,7.49E-05,0.000300474,0.000527252,5.87E-08,3.44E-06,0.48945968,8.37E-05,2.54E-07,0.00036006,9.87E-08,5.93E-08,2.12E-06,0.000178025,1.15E-08,1.45E-07,0.508964246,0.99894,0,0.00052,0,0.00053,0.00054,0,0.00043,0.00087,0.00018
64,6ij6_A,6ij6,A,95,LYS,GLU,0.136223684,0.577985195,2.219,5.43E-07,0.000869452,0.001202662,0.000121576,3.24E-05,0.224378968,0.577985195,2.49E-09,0.00091724,3.49E-05,0.055207224,0.136223684,0.002998511,7.43E-06,1.17E-08,4.72E-06,9.08E-06,2.60E-07,2.58E-06,3.58E-06,0.05828,0.00093,0.22652,0.13801,0.57811,0.71612,0,0.00303,0.80369,2.00E-05
65,6ij6_A,6ij6,A,96,TRP,TRP,0.939546852,0.939546852,0,8.54E-08,2.29E-05,1.12E-07,1.60E-07,3.60E-08,4.44E-06,4.60E-07,1.35E-09,0.000202487,2.15E-08,1.89E-06,1.99E-06,0.000114194,0.034956235,9.24E-10,5.03E-08,2.80E-09,0.939546852,0.025147985,5.66E-08,0.00012,0.99985,0.02536,0.00023,0,0.00023,0,0.00011,1.00E-05,0.02515
66,6ij6_A,6ij6,A,97,TRP,TRP,0.99998097,0.99998097,0,4.67E-12,3.59E-07,4.26E-10,4.20E-11,6.42E-12,1.72E-09,1.13E-10,2.99E-12,1.02E-07,2.74E-13,1.68E-08,7.32E-10,2.62E-09,7.37E-06,1.39E-13,1.23E-12,6.07E-14,0.99998097,1.12E-05,1.04E-13,0,1,1.00E-05,0,0,0,0,0,0,1.00E-05
67,6ij6_A,6ij6,A,98,GLY,GLY,0.999998035,0.999998035,0,1.34E-06,2.60E-10,1.17E-08,1.63E-08,1.68E-08,5.82E-10,7.30E-10,0.999998035,2.14E-10,3.70E-11,2.25E-10,5.20E-10,1.24E-10,1.26E-10,1.07E-09,5.72E-07,5.48E-09,1.73E-11,5.74E-11,2.73E-10,0,0,0,0,0,0,1,0,0,0
68,6ij6_A,6ij6,A,99,PRO,PRO,0.992114985,0.992114985,0,0.000206396,1.33E-06,6.18E-06,1.79E-05,5.78E-05,1.26E-05,0.000250746,9.23E-07,1.93E-08,2.25E-06,1.32E-07,5.66E-06,9.90E-07,2.86E-09,0.992114985,0.003949557,0.003348543,1.04E-09,4.20E-09,2.40E-05,0.99241,0,0.00732,1.00E-05,0.00027,0.00028,0.00021,6.00E-05,0.00029,0.0073
69,6ij6_A,6ij6,A,100,ARG,ARG,0.80295647,0.80295647,0,4.48E-10,0.80295647,5.81E-09,5.05E-10,8.76E-09,1.29E-06,5.96E-08,1.08E-10,2.28E-05,1.23E-10,1.02E-08,0.196865527,2.13E-06,3.50E-06,3.31E-11,4.10E-10,1.10E-09,1.45E-06,0.000146746,1.68E-10,0,0.00017,0.00017,0.99984,0,0.99984,0,0,0,0.00015
70,6ij6_A,6ij6,A,101,LEU,LEU,0.931682897,0.931682897,0,0.000150865,2.72E-06,0.000363737,4.05E-05,0.013717314,0.000421522,0.000572349,1.17E-06,0.0002733,0.000175698,0.931682897,2.32E-05,0.052316069,9.84E-05,1.93E-06,6.66E-05,6.41E-06,1.46E-06,4.04E-05,4.35E-05,0.99809,0.00041,0.00117,0.0003,0.00061,0.00091,0.00015,0.06603,0.0014,0.00011
71,6ij6_A,6ij6,A,102,ALA,ALA,0.970181217,0.970181217,0,0.970181217,5.03E-10,1.06E-08,6.90E-09,2.58E-06,2.72E-09,8.94E-10,2.03E-08,3.07E-10,4.42E-12,5.85E-12,3.57E-10,3.87E-10,1.04E-11,2.02E-09,0.029779916,3.62E-05,1.71E-12,1.12E-11,4.48E-09,0.97018,0,0.02982,0,0,0,0.97018,0,0,0.02982
72,6ij6_A,6ij6,A,103,SER,SER,0.999879121,0.999879121,0,0.000115611,5.92E-11,1.76E-07,1.07E-07,2.06E-06,1.63E-09,2.95E-09,2.09E-09,6.03E-10,1.05E-13,3.75E-12,9.49E-11,2.64E-11,2.10E-12,7.64E-12,0.999879121,2.92E-06,5.37E-13,5.27E-12,1.64E-11,0.00012,0,0.99988,0,0,0,0.00012,0,0,0.99988
73,6ij6_A,6ij6,A,104,HIS,TYR,0.092014985,0.852073932,2.327,7.21E-09,1.05E-06,2.13E-05,1.37E-06,1.26E-07,1.27E-05,6.95E-06,3.24E-10,0.092014985,4.17E-08,5.26E-08,6.80E-07,4.50E-06,0.055366717,6.20E-10,3.63E-08,1.57E-08,0.000495482,0.852073932,3.30E-08,0,0.99995,0.94412,0.09202,1.00E-05,0.09203,0,0,4.00E-05,0.85207
74,6ij6_A,6ij6,A,105,GLY,GLY,0.955371982,0.955371982,0,0.042055184,1.49E-07,3.00E-06,1.18E-05,1.01E-05,6.51E-07,8.61E-07,0.955371982,2.21E-07,5.78E-09,2.52E-07,1.73E-07,4.82E-08,2.13E-08,5.30E-06,0.002540059,2.14E-07,2.33E-09,2.22E-08,1.63E-08,0.04207,0,0.00254,0,1.00E-05,1.00E-05,0.99743,1.00E-05,2.00E-05,0.00254
75,6ij6_A,6ij6,A,106,PHE,PHE,0.993648416,0.993648416,0,1.06E-08,3.09E-07,2.15E-08,7.03E-09,2.06E-08,4.83E-07,3.44E-08,3.84E-10,4.04E-06,2.74E-08,3.31E-07,4.22E-06,0.000278657,0.993648416,1.94E-10,1.39E-08,4.69E-08,6.30E-06,0.006057049,6.31E-09,0.00028,0.99972,0.00606,1.00E-05,0,1.00E-05,0,0.00028,0,0.00606
76,6ij6_A,6ij6,A,107,VAL,VAL,0.999510509,0.999510509,0,4.65E-06,5.82E-10,2.89E-08,6.95E-09,8.03E-05,1.44E-09,2.17E-09,1.08E-09,7.22E-10,0.000283762,8.78E-09,1.54E-09,4.43E-09,2.60E-10,1.79E-09,1.42E-07,0.000120548,4.21E-11,1.70E-10,0.999510509,0.99988,0,0.00012,0,0,0,0,8.00E-05,0,0.00012
77,6ij6_A,6ij6,A,108,VAL,VAL,0.999964371,0.999964371,0,9.24E-07,4.95E-11,5.64E-09,6.72E-10,2.25E-05,7.16E-11,1.99E-10,1.65E-10,5.23E-12,8.32E-06,8.14E-11,2.49E-10,1.48E-10,3.91E-12,1.25E-09,6.17E-08,3.80E-06,2.43E-12,4.41E-12,0.999964371,1,0,0,0,0,0,0,2.00E-05,0,0
78,6ij6_A,6ij6,A,109,ILE,ILE,0.932226092,0.932226092,0,2.08E-08,3.93E-06,5.70E-06,1.91E-08,5.79E-06,3.07E-06,5.15E-07,3.28E-10,5.12E-08,0.932226092,1.91E-05,3.50E-06,2.69E-06,8.60E-10,3.21E-09,1.62E-08,1.21E-06,5.77E-10,9.95E-10,0.067728292,0.99998,0,1.00E-05,1.00E-05,0,1.00E-05,0,1.00E-05,1.00E-05,0
79,6ij6_A,6ij6,A,110,THR,ILE,0.123027832,0.693922192,1.752,6.66E-05,1.01E-06,0.009284185,0.000144932,0.000913385,4.99E-05,3.11E-05,5.66E-07,3.42E-06,0.693922192,0.000720547,5.43E-05,2.47E-05,2.59E-08,9.18E-07,1.78E-05,0.123027832,2.40E-08,8.03E-08,0.171736577,0.86738,0,0.13238,6.00E-05,0.00018,0.00023,7.00E-05,0.00094,0.00951,0.12305
80,6ij6_A,6ij6,A,111,ILE,ILE,0.999837492,0.999837492,0,4.24E-10,1.03E-10,6.68E-10,2.75E-11,5.13E-08,1.73E-07,1.41E-09,8.98E-12,7.78E-11,0.999837492,8.98E-05,4.44E-09,2.42E-05,3.18E-11,1.15E-11,6.49E-10,2.13E-07,2.95E-12,1.94E-11,4.81E-05,1,0,0,0,0,0,0,2.00E-05,0,0
81,6ij6_A,6ij6,A,112,ASP,ASP,0.953856568,0.953856568,0,2.91E-05,1.62E-06,0.040585504,0.953856568,0.000219149,7.55E-05,0.001521357,5.79E-08,8.38E-06,3.73E-07,1.61E-05,1.18E-06,4.77E-06,3.92E-08,1.10E-07,0.003585752,9.35E-05,6.97E-08,5.53E-08,8.19E-07,0.00027,1.00E-05,0.04435,1.00E-05,0.95538,0.95539,3.00E-05,0.00022,0.99604,0.00368
82,6ij6_A,6ij6,A,113,THR,THR,0.930783763,0.930783763,0,0.000443949,2.28E-06,0.000506714,4.48E-05,0.010918809,1.60E-05,3.73E-05,7.43E-07,1.99E-06,3.57E-05,5.80E-05,1.79E-06,0.000227464,6.07E-06,0.052915999,0.000259993,0.930783763,4.93E-08,1.63E-07,0.003738432,0.06834,1.00E-05,0.93157,1.00E-05,8.00E-05,9.00E-05,0.00044,0.01115,0.0006,0.93104
83,6ij6_A,6ij6,A,114,ASN,ASN,0.407988773,0.407988773,0,8.27E-05,0.000682605,0.407988773,0.06271867,0.002860397,0.002135494,0.004623917,5.66E-06,0.000994935,0.21901939,0.023455511,0.003345331,0.000641503,4.14E-05,3.65E-05,0.003101828,0.085080742,1.71E-05,1.87E-05,0.183148802,0.42924,0.00107,0.49932,0.00502,0.06734,0.07237,9.00E-05,0.0035,0.47747,0.0882
84,6ij6_A,6ij6,A,115,SER,SER,0.986861493,0.986861493,0,0.004835492,4.50E-06,0.00065548,0.007229234,0.000231135,2.08E-05,8.26E-05,1.88E-05,6.70E-07,7.89E-09,1.41E-06,1.08E-05,8.59E-07,7.06E-08,3.79E-07,0.986861493,4.61E-05,3.43E-08,1.06E-07,7.70E-08,0.00507,0,0.98758,2.00E-05,0.00731,0.00733,0.00485,0.00023,0.00799,0.98691
85,6ij6_A,6ij6,A,116,THR,THR,0.7302294,0.7302294,0,0.000546519,0.000112215,0.005055948,0.004469663,0.002379803,0.001075247,0.003145358,1.05E-05,8.34E-05,0.007715126,0.00091016,5.00E-05,0.000299925,2.47E-06,0.001674139,0.011990118,0.7302294,4.63E-06,2.38E-06,0.230243035,0.24377,9.00E-05,0.74844,0.00025,0.00762,0.00786,0.00056,0.00268,0.01375,0.74222
86,6ij6_A,6ij6,A,117,LEU,LEU,0.55547093,0.55547093,0,4.91E-05,0.00792431,0.049023158,0.002497855,0.002647815,0.029690925,0.025344578,7.09E-06,0.076771724,0.001877816,0.55547093,0.078023898,0.089379399,0.014808437,1.25E-05,0.000987059,0.061026771,0.000138816,0.004059755,0.00025806,0.6497,0.09578,0.22156,0.16272,0.02784,0.19056,6.00E-05,0.09203,0.10656,0.06607
87,6ij6_A,6ij6,A,118,ASP,ASP,0.971241862,0.971241862,0,0.000316122,1.19E-06,0.001016413,0.971241862,0.00119871,2.90E-05,0.004349597,3.02E-07,1.58E-06,9.01E-07,8.05E-08,3.64E-07,3.14E-05,5.81E-08,1.91E-07,0.019647215,0.002151208,1.60E-07,5.26E-08,1.36E-05,0.00156,0,0.02285,0,0.97559,0.97559,0.00032,0.00123,0.97664,0.0218
88,6ij6_A,6ij6,A,119,GLN,PHE,0.146702684,0.292213046,1.348,7.98E-07,0.019136495,7.37E-05,2.83E-05,1.06E-05,0.146702684,0.002498975,5.20E-06,0.005082451,1.91E-05,0.009598568,0.142394749,0.215531513,0.292213046,1.95E-07,8.87E-07,2.26E-06,0.012583808,0.154115154,1.46E-06,0.22516,0.46399,0.30598,0.16661,0.00253,0.16914,1.00E-05,0.21554,0.1493,0.15412
89,6ij6_A,6ij6,A,120,PRO,PRO,0.997808842,0.997808842,0,0.001727494,1.62E-08,3.07E-07,1.61E-06,9.29E-05,1.25E-06,4.73E-06,3.90E-07,1.09E-07,4.15E-09,3.57E-09,3.27E-08,1.09E-06,1.06E-08,0.997808842,0.000306427,5.43E-05,1.05E-09,4.71E-09,4.65E-07,0.99963,0,0.00036,0,1.00E-05,1.00E-05,0.00173,9.00E-05,1.00E-05,0.00036
90,6ij6_A,6ij6,A,121,GLU,GLU,0.685710553,0.685710553,0,2.44E-06,0.000204088,0.003789784,0.007660634,3.54E-05,0.236766732,0.685710553,4.87E-08,0.00215666,9.37E-05,0.02857268,0.006902588,0.027791293,0.00019704,1.10E-07,2.45E-05,4.02E-06,7.51E-06,7.82E-05,2.03E-06,0.0565,0.00244,0.24282,0.00926,0.69337,0.70263,0,0.02783,0.93393,0.00011
91,6ij6_A,6ij6,A,122,SER,ALA,0.445599208,0.532369092,-0.196,0.532369092,6.25E-06,0.000314501,0.013249211,0.001324672,0.000205411,0.003438382,1.16E-05,2.88E-06,2.45E-06,5.11E-07,2.60E-05,8.82E-06,2.30E-07,1.78E-06,0.445599208,0.003274131,1.06E-07,3.44E-07,0.00016436,0.53387,0,0.4494,4.00E-05,0.01669,0.01672,0.53238,0.00133,0.01721,0.44887
92,6ij6_A,6ij6,A,123,ARG,ARG,0.965714406,0.965714406,0,3.67E-07,0.965714406,6.82E-07,2.16E-07,2.11E-06,0.000145939,3.55E-06,2.74E-08,0.000130794,1.24E-05,9.23E-05,0.015890566,0.005236675,0.005520879,1.53E-08,3.93E-08,4.62E-08,0.001257235,0.005991613,1.49E-07,0.00534,0.0129,0.00627,0.98174,0,0.98174,0,0.00524,0.00015,0.00599
93,6ij6_A,6ij6,A,124,SER,SER,0.784385378,0.784385378,0,0.202037818,7.99E-06,0.002209292,9.59E-05,0.007214957,0.000350959,5.05E-05,2.31E-05,0.002961722,2.55E-09,1.82E-06,7.10E-05,0.000477644,1.51E-05,4.00E-07,0.784385378,8.70E-05,1.72E-07,9.24E-06,7.23E-08,0.20973,0.00299,0.79,0.00304,0.00015,0.00319,0.20206,0.00769,0.00271,0.78448
94,6ij6_A,6ij6,A,125,SER,THR,0.26356249,0.397086892,0.465,0.089908661,0.002725972,0.00099828,0.004002181,0.005938036,0.010785717,0.01647299,0.000103095,0.000272737,0.001505613,0.00153027,0.013364636,0.001477831,0.000155545,6.18E-05,0.26356249,0.397086892,4.61E-05,0.000175489,0.189825648,0.29025,0.00065,0.67288,0.01636,0.02048,0.03684,0.09001,0.00742,0.03226,0.66082
95,6ij6_A,6ij6,A,126,GLN,GLN,0.918381399,0.918381399,0,2.20E-07,7.48E-08,7.79E-06,2.40E-06,5.84E-06,0.918381399,0.078118615,2.46E-09,1.62E-06,2.32E-06,0.0002528,2.15E-06,0.003222223,2.26E-08,2.02E-09,2.03E-06,4.55E-07,2.90E-09,2.61E-08,1.11E-08,0.00348,0,0.91839,0,0.07812,0.07812,0,0.00323,0.99651,0
96,6ij6_A,6ij6,A,127,GLN,GLN,0.905846008,0.905846008,0,0.00094234,0.000697924,0.017146741,0.000404606,0.011227022,0.905846008,0.03459887,0.000145378,9.20E-05,1.43E-05,0.01061676,0.000204995,0.012721923,1.08E-06,5.85E-07,0.004399196,0.000934319,4.53E-07,7.65E-07,4.79E-06,0.03553,9.00E-05,0.92842,0.00099,0.035,0.036,0.00109,0.02395,0.958,0.00533
97,6ij6_A,6ij6,A,128,MET,MET,0.964053174,0.964053174,0,2.56E-08,9.79E-06,1.38E-05,7.19E-07,1.14E-06,0.035400769,0.000284582,2.05E-09,5.18E-06,4.69E-05,0.000168899,3.04E-06,0.964053174,4.26E-06,2.48E-09,1.32E-07,2.05E-07,5.51E-06,1.62E-06,2.39E-07,0.96427,2.00E-05,0.03542,2.00E-05,0.00029,0.0003,0,0.96405,0.0357,0
98,6ij6_A,6ij6,A,129,ALA,ALA,0.999665769,0.999665769,0,0.999665769,2.59E-10,8.94E-09,8.89E-09,6.09E-07,9.70E-10,2.35E-09,6.48E-06,1.66E-10,2.57E-12,2.47E-12,1.75E-10,6.84E-11,1.88E-11,2.03E-09,0.000327118,5.20E-09,1.28E-12,1.06E-11,8.60E-11,0.99967,0,0.00033,0,0,0,0.99967,0,0,0.00033
99,6ij6_A,6ij6,A,130,ALA,ALA,0.977491342,0.977491342,0,0.977491342,1.23E-09,1.04E-09,7.43E-09,1.07E-06,3.94E-09,1.22E-09,1.52E-06,1.17E-09,2.19E-11,4.02E-11,1.17E-09,1.37E-09,1.57E-10,8.07E-09,0.022505919,1.19E-07,1.08E-11,7.45E-11,8.92E-10,0.97749,0,0.02251,0,0,0,0.97749,0,0,0.02251
100,6ij6_A,6ij6,A,131,LEU,LEU,0.999581891,0.999581891,0,4.82E-06,2.54E-07,0.00010201,4.48E-06,1.07E-05,2.88E-05,4.84E-06,1.39E-08,0.000172293,2.25E-05,0.999581891,4.17E-06,5.60E-05,4.99E-07,9.46E-09,5.00E-06,7.88E-07,4.17E-08,2.89E-07,6.72E-07,0.99968,0.00017,0.00031,0.00018,1.00E-05,0.00019,0,7.00E-05,0.00014,1.00E-05
101,6ij6_A,6ij6,A,132,ARG,GLN,0.289963888,0.416980312,0.374,2.56E-05,0.289963888,0.00402421,0.00133438,8.14E-05,0.416980312,0.029406794,7.34E-07,0.058568834,7.31E-05,0.00050885,0.078293868,0.014636103,0.028704256,1.18E-06,4.42E-05,0.000365819,0.055133966,0.021693052,0.000159564,0.01549,0.1641,0.50168,0.42683,0.03074,0.45757,3.00E-05,0.01472,0.45175,0.0221
102,6ij6_A,6ij6,A,133,GLN,GLU,0.285029121,0.526696958,0.796,2.85E-06,0.000225465,0.042076808,0.122132058,9.18E-05,0.285029121,0.526696958,2.51E-07,0.004705922,0.000572456,0.004719761,0.003883081,0.002399097,6.67E-05,1.34E-06,1.31E-05,0.001322747,8.45E-06,6.86E-05,0.005983451,0.01377,0.00485,0.33322,0.00881,0.64883,0.65764,0,0.00249,0.97593,0.0014
103,6ij6_A,6ij6,A,134,VAL,VAL,0.964605452,0.964605452,0,1.26E-07,1.56E-10,1.77E-09,1.23E-09,3.49E-07,5.69E-10,8.02E-10,1.42E-10,2.09E-10,0.035380545,6.01E-06,3.66E-10,1.07E-07,7.44E-10,3.77E-10,9.47E-09,7.39E-06,3.72E-11,2.96E-10,0.964605452,0.99999,0,1.00E-05,0,0,0,0,0,0,1.00E-05
104,6ij6_A,6ij6,A,135,ALA,ALA,0.650758631,0.650758631,0,0.650758631,3.31E-05,0.001411773,0.009428644,0.004583676,0.000274987,0.000803089,2.64E-05,3.57E-05,7.67E-06,7.80E-06,0.001812273,2.50E-05,2.94E-06,9.10E-06,0.245542133,0.084392959,5.25E-07,2.53E-06,0.000841089,0.65623,4.00E-05,0.33166,0.00188,0.01023,0.01211,0.65079,0.00461,0.01192,0.32994
105,6ij6_A,6ij6,A,136,SER,THR,0.041458957,0.663709541,2.823,0.015154355,3.13E-05,0.007126637,0.118290544,0.016017705,0.005306446,0.036028018,7.40E-05,0.00227796,0.00014662,0.000577272,0.000231767,0.000532373,0.000407083,1.11E-05,0.041458957,0.663709541,1.88E-05,0.000163046,0.092436534,0.12488,0.00287,0.72004,0.00254,0.15432,0.15686,0.01523,0.01655,0.16675,0.70533
106,6ij6_A,6ij6,A,137,LEU,LEU,0.83998428,0.83998428,0,6.44E-07,1.07E-06,0.00088304,0.0004545,3.91E-05,0.006478756,0.00117697,2.05E-08,0.000251363,3.64E-05,0.83998428,3.42E-05,0.150502068,0.000122478,3.45E-08,9.71E-07,4.22E-07,2.00E-06,3.13E-05,3.81E-07,0.99056,0.00041,0.00765,0.00029,0.00163,0.00192,0,0.15054,0.00899,3.00E-05
107,6ij6_A,6ij6,A,138,ASN,ASN,0.987824277,0.987824277,0,7.05E-06,4.04E-06,0.987824277,0.01101986,4.45E-05,0.000457312,0.000280001,6.35E-09,6.95E-05,5.28E-07,2.20E-06,4.59E-06,1.76E-06,7.12E-08,7.77E-09,1.51E-05,0.000257984,3.05E-08,6.71E-08,1.11E-05,7.00E-05,7.00E-05,0.98862,8.00E-05,0.0113,0.01138,1.00E-05,5.00E-05,0.99958,0.00027
108,6ij6_A,6ij6,A,139,GLY,GLY,0.99946288,0.99946288,0,0.000328527,1.63E-06,9.01E-05,3.69E-05,2.12E-06,2.24E-06,3.11E-06,0.99946288,1.61E-06,1.78E-09,6.60E-08,1.44E-06,1.94E-07,2.69E-07,9.83E-09,6.86E-05,6.72E-08,3.45E-08,1.39E-07,3.35E-09,0.00033,0,0.00016,0,4.00E-05,4.00E-05,0.99979,0,0.00013,7.00E-05
109,6ij6_A,6ij6,A,140,THR,THR,0.405052547,0.405052547,0,0.00023259,0.001090565,0.086985521,0.285394797,0.003332275,0.026726368,0.039404534,4.19E-06,0.000427653,0.00063181,0.122212422,0.006180263,0.002059178,3.92E-05,1.04E-05,0.010515362,0.405052547,0.000102306,6.68E-05,0.009531152,0.13801,0.00064,0.52977,0.0077,0.3248,0.3325,0.00024,0.00539,0.43851,0.41563
110,6ij6_A,6ij6,A,141,SER,SER,0.958769115,0.958769115,0,0.011052253,0.000656837,0.001253186,0.006620965,0.00136291,0.007244022,0.006026049,4.30E-05,0.000260157,0.000251088,0.000108573,0.003054239,0.000376838,0.000346768,1.60E-05,0.958769115,0.000820624,2.70E-05,0.000143686,0.001566688,0.01473,0.00078,0.96849,0.00397,0.01265,0.01662,0.0111,0.00174,0.02114,0.95973
111,6ij6_A,6ij6,A,142,SER,SER,0.692489444,0.692489444,0,0.249399992,0.002487583,0.002738622,0.012784115,0.000495345,0.002935377,0.01128207,0.006983566,0.000365574,5.94E-05,0.000549477,0.005955339,0.000217306,0.000118379,3.35E-05,0.692489444,0.010675064,2.86E-05,0.000138367,0.000262951,0.25102,0.00065,0.70934,0.00881,0.02407,0.03287,0.25638,0.00071,0.02974,0.7033
112,6ij6_A,6ij6,A,143,SER,SER,0.999821619,0.999821619,0,0.000141508,1.66E-11,8.37E-07,1.10E-06,2.09E-05,2.28E-10,2.21E-10,5.48E-09,2.51E-10,5.89E-12,3.62E-12,8.09E-12,9.95E-11,3.25E-12,6.65E-11,0.999821619,1.41E-05,1.31E-12,1.64E-12,1.09E-10,0.00016,0,0.99984,0,0,0,0.00014,2.00E-05,0,0.99984
113,6ij6_A,6ij6,A,144,PRO,PRO,0.999998877,0.999998877,0,4.81E-07,2.27E-09,1.04E-08,1.94E-08,1.05E-08,2.08E-07,2.83E-07,3.71E-08,8.20E-09,8.48E-11,7.80E-10,3.56E-09,2.54E-09,2.14E-10,0.999998877,5.48E-08,6.00E-10,2.27E-11,2.26E-10,2.06E-10,1,0,0,0,0,0,0,0,0,0
114,6ij6_A,6ij6,A,145,ILE,ILE,0.995843623,0.995843623,0,2.92E-08,2.12E-10,8.75E-09,1.40E-09,3.05E-07,7.42E-09,1.75E-09,1.30E-10,5.40E-10,0.995843623,1.69E-05,3.27E-09,7.69E-07,7.21E-10,2.91E-10,2.43E-09,5.85E-06,1.50E-10,4.69E-10,0.004132504,0.99999,0,1.00E-05,0,0,0,0,0,0,1.00E-05
115,6ij6_A,6ij6,A,146,TYR,TYR,0.517005076,0.517005076,0,6.99E-09,0.000186133,1.83E-05,3.07E-07,2.56E-07,8.78E-06,3.16E-06,3.65E-10,0.013172439,3.00E-08,1.94E-07,0.001103729,2.48E-05,0.468200869,3.85E-10,2.01E-08,2.38E-08,0.000275866,0.517005076,2.26E-08,3.00E-05,0.99865,0.5302,0.01446,0,0.01447,0,3.00E-05,3.00E-05,0.51701
116,6ij6_A,6ij6,A,147,GLY,GLY,0.999480762,0.999480762,0,5.51E-06,9.64E-07,0.000437684,3.82E-05,1.85E-06,7.18E-06,9.52E-06,0.999480762,1.54E-06,6.27E-09,1.17E-06,4.50E-06,2.50E-07,1.85E-07,3.33E-08,1.05E-05,8.81E-08,1.34E-08,9.76E-08,1.09E-08,1.00E-05,0,0.00046,1.00E-05,5.00E-05,5.00E-05,0.99949,0,0.00049,1.00E-05
117,6ij6_A,6ij6,A,148,LYS,LYS,0.954232361,0.954232361,0,8.33E-09,0.012809282,2.99E-07,3.85E-08,1.28E-07,0.000551513,1.25E-05,1.94E-09,2.64E-05,3.82E-06,0.000173947,0.954232361,0.027103487,0.002578192,3.48E-09,7.85E-09,2.11E-08,2.91E-05,0.002478939,4.20E-08,0.02728,0.00511,0.00306,0.96707,1.00E-05,0.96708,0,0.0271,0.00056,0.00248
118,6ij6_A,6ij6,A,149,VAL,VAL,0.976663632,0.976663632,0,1.16E-05,1.59E-08,5.52E-06,4.36E-07,0.000671864,1.49E-07,2.78E-07,1.45E-07,1.12E-07,0.022524132,6.10E-05,2.53E-08,2.94E-06,9.08E-08,1.41E-07,2.52E-06,5.54E-05,6.93E-09,1.95E-08,0.976663632,0.99994,0,6.00E-05,0,0,0,1.00E-05,0.00067,1.00E-05,6.00E-05
119,6ij6_A,6ij6,A,150,ASP,ASP,0.999416679,0.999416679,0,4.63E-08,2.52E-10,0.000570421,0.999416679,1.23E-05,1.15E-08,1.90E-07,6.83E-11,2.18E-07,1.21E-11,3.12E-11,2.53E-10,1.07E-09,3.91E-10,1.67E-10,1.35E-07,1.62E-09,2.73E-11,5.14E-10,1.58E-10,1.00E-05,0,0.00057,0,0.99942,0.99942,0,1.00E-05,0.99999,0
120,6ij6_A,6ij6,A,151,THR,THR,0.990718793,0.990718793,0,0.001391368,1.73E-06,5.92E-05,6.67E-05,0.00038699,6.54E-06,4.00E-05,9.27E-06,6.05E-07,0.000155414,1.40E-06,3.45E-06,4.56E-06,1.80E-07,0.000485314,0.002172282,0.990718793,2.35E-08,1.27E-07,0.004496085,0.00692,0,0.99296,1.00E-05,0.00011,0.00011,0.0014,0.00039,0.00017,0.99289
121,6ij6_A,6ij6,A,152,ALA,ALA,0.63335116,0.63335116,0,0.63335116,0.002823686,0.012227305,0.009963678,0.000626982,0.00193811,0.020394629,0.127227861,4.91E-05,4.12E-05,0.000339654,0.011546854,0.000148475,1.66E-05,1.77E-05,0.165359627,0.013481534,2.97E-06,1.56E-05,0.000427347,0.63495,8.00E-05,0.19307,0.01442,0.03036,0.04478,0.76058,0.00078,0.04452,0.17886
122,6ij6_A,6ij6,A,153,ARG,ARG,0.998672329,0.998672329,0,1.97E-08,0.998672329,1.77E-08,8.69E-10,2.28E-09,4.03E-06,3.86E-07,2.35E-10,3.84E-09,1.79E-08,8.28E-09,0.001288949,3.42E-05,1.94E-10,8.33E-11,1.90E-09,4.31E-09,1.32E-08,7.47E-10,3.92E-09,3.00E-05,0,0,0.99996,0,0.99996,0,3.00E-05,0,0
123,6ij6_A,6ij6,A,154,MET,MET,0.586266968,0.586266968,0,5.06E-07,0.000542168,0.000823682,1.42E-05,2.54E-05,0.339240837,0.059918128,4.92E-08,0.000286332,5.04E-06,0.000296822,0.010757514,0.586266968,0.001120326,3.64E-08,2.54E-07,1.97E-06,0.000336932,0.000362508,2.94E-07,0.5866,0.00211,0.34072,0.01159,0.05993,0.07152,0,0.58629,0.4,0.00036
124,6ij6_A,6ij6,A,155,GLY,GLY,0.999238988,0.999238988,0,4.41E-05,2.05E-10,4.47E-09,1.38E-09,0.000711087,2.25E-10,3.35E-10,0.999238988,1.25E-10,9.22E-12,6.06E-11,2.18E-10,1.49E-09,8.18E-11,8.28E-10,5.82E-06,6.25E-10,4.54E-12,1.37E-11,1.28E-10,0.00076,0,1.00E-05,0,0,0,0.99928,0.00071,0,1.00E-05
125,6ij6_A,6ij6,A,156,VAL,VAL,0.999138704,0.999138704,0,1.13E-08,6.03E-10,4.66E-09,3.39E-10,2.18E-06,5.61E-10,6.73E-10,4.48E-11,2.76E-11,0.000849464,1.32E-09,5.92E-10,2.75E-09,5.62E-12,6.18E-11,1.94E-09,9.63E-06,3.92E-12,2.00E-11,0.999138704,0.99999,0,1.00E-05,0,0,0,0,0,0,1.00E-05
126,6ij6_A,6ij6,A,157,MET,MET,0.993489847,0.993489847,0,5.78E-06,0.000799085,3.10E-07,2.31E-07,3.94E-06,0.000605943,1.45E-05,1.51E-07,2.09E-06,1.85E-05,0.000132289,0.002848194,0.993489847,1.04E-06,2.78E-08,1.42E-06,7.95E-07,0.002072259,3.31E-06,2.84E-07,0.99365,0.00208,0.00061,0.00365,1.00E-05,0.00366,1.00E-05,0.99349,0.00062,1.00E-05
127,6ij6_A,6ij6,A,158,GLY,GLY,0.999997224,0.999997224,0,2.30E-06,1.41E-10,6.10E-09,3.40E-09,1.01E-08,2.00E-10,3.85E-10,0.999997224,1.85E-10,1.79E-12,2.97E-11,1.34E-10,2.29E-11,4.04E-11,9.81E-11,4.56E-07,2.47E-10,3.83E-12,1.52E-11,5.15E-12,0,0,0,0,0,0,1,0,0,0
128,6ij6_A,6ij6,A,159,TRP,TRP,0.394641299,0.394641299,0,1.66E-10,1.14E-05,1.99E-07,1.27E-07,8.69E-09,8.78E-07,7.83E-08,4.86E-11,0.00996198,3.17E-10,5.22E-08,1.11E-05,4.24E-06,0.292725976,4.84E-11,5.19E-10,6.66E-10,0.394641299,0.302642657,1.03E-09,0,0.99997,0.31261,0.00998,0,0.00998,0,0,0,0.30264
129,6ij6_A,6ij6,A,160,SER,SER,0.900276366,0.900276366,0,0.072707887,7.10E-07,0.000748824,0.003816954,0.02073273,1.19E-05,7.97E-05,1.76E-05,5.19E-05,4.99E-07,9.39E-07,3.72E-07,2.92E-06,5.40E-07,1.85E-06,0.900276366,0.001526455,8.91E-08,7.21E-07,2.10E-05,0.09347,5.00E-05,0.90262,5.00E-05,0.0039,0.00395,0.07273,0.02074,0.00466,0.9018
130,6ij6_A,6ij6,A,161,MET,ARG,0.392459076,0.428241396,-0.493,5.49E-07,0.428241396,0.000102155,6.35E-06,2.19E-05,0.009822833,0.000294994,8.75E-07,0.004189283,2.52E-06,0.000798706,0.100966069,0.392459076,0.015432698,2.62E-07,1.29E-06,1.45E-06,0.007446291,0.040211194,9.36E-08,0.39328,0.06728,0.05433,0.5334,0.0003,0.5337,0,0.39248,0.01023,0.04021
131,6ij6_A,6ij6,A,162,GLY,GLY,1,1,0,4.57E-11,8.15E-14,4.29E-13,3.12E-13,4.60E-12,4.70E-14,8.87E-14,1,1.44E-14,1.32E-15,1.52E-14,8.61E-14,1.87E-14,2.83E-14,3.69E-13,5.10E-11,1.19E-13,1.58E-15,6.56E-15,6.32E-15,0,0,0,0,0,0,1,0,0,0
132,6ij6_A,6ij6,A,163,GLY,GLY,0.999999457,0.999999457,0,4.85E-07,1.17E-11,6.25E-11,1.72E-10,8.81E-10,1.71E-11,3.35E-11,0.999999457,2.86E-12,6.44E-14,1.66E-12,9.73E-12,1.72E-12,1.70E-12,2.63E-11,5.65E-08,1.67E-11,1.91E-13,7.26E-13,1.61E-13,0,0,0,0,0,0,1,0,0,0
133,6ij6_A,6ij6,A,164,GLY,GLY,1,1,0,3.16E-11,4.19E-12,2.77E-12,1.32E-12,8.10E-11,1.86E-12,3.54E-12,1,8.22E-14,1.90E-14,1.72E-13,2.50E-12,1.82E-12,1.50E-13,4.11E-12,4.94E-11,2.95E-13,2.55E-14,1.22E-13,1.81E-14,0,0,0,0,0,0,1,0,0,0
134,6ij6_A,6ij6,A,165,GLY,ALA,0.255576294,0.740840381,1.55,0.740840381,1.10E-07,2.45E-07,2.72E-07,1.37E-05,6.69E-08,4.60E-08,0.255576294,1.78E-08,2.50E-09,2.23E-08,8.07E-08,3.22E-08,1.03E-08,8.46E-06,0.00355916,1.05E-06,1.09E-09,2.79E-09,4.45E-08,0.74086,0,0.00356,0,0,0,0.99642,1.00E-05,0,0.00356
135,6ij6_A,6ij6,A,166,SER,SER,0.678863717,0.678863717,0,0.319649646,9.74E-08,7.31E-07,8.48E-06,0.00018038,4.80E-07,1.02E-06,9.94E-06,2.68E-07,3.17E-08,1.77E-08,6.83E-08,3.70E-07,1.30E-08,9.74E-07,0.678863717,0.001282229,3.90E-09,1.50E-08,1.53E-06,0.31983,0,0.68015,0,1.00E-05,1.00E-05,0.31966,0.00018,1.00E-05,0.68015
136,6ij6_A,6ij6,A,167,LEU,LEU,0.999868865,0.999868865,0,4.56E-09,2.18E-09,2.38E-07,3.29E-08,2.36E-06,8.95E-08,1.05E-07,1.02E-10,1.12E-07,8.34E-07,0.999868865,2.31E-08,0.000127211,7.55E-08,2.68E-10,4.10E-09,1.17E-08,4.07E-10,5.55E-09,2.30E-08,1,0,0,0,0,0,0,0.00013,0,0
137,6ij6_A,6ij6,A,168,ILE,ILE,0.941239239,0.941239239,0,8.82E-09,9.00E-09,6.60E-07,1.08E-07,3.32E-07,1.80E-07,1.08E-07,1.93E-10,4.64E-08,0.941239239,0.057914304,4.19E-08,9.63E-08,2.84E-09,1.14E-09,2.42E-08,1.97E-05,2.73E-10,9.69E-10,0.000825101,0.99998,0,2.00E-05,0,0,0,0,0,0,2.00E-05
138,6ij6_A,6ij6,A,169,SER,SER,0.602837557,0.602837557,0,0.395649285,1.58E-08,6.91E-06,5.05E-06,0.001475958,4.64E-08,2.70E-08,1.43E-06,9.99E-07,2.15E-09,1.17E-09,1.45E-08,5.21E-08,1.51E-08,3.17E-07,0.602837557,2.21E-05,1.83E-09,1.23E-08,2.12E-07,0.39713,0,0.60287,0,1.00E-05,1.00E-05,0.39565,0.00148,1.00E-05,0.60286
139,6ij6_A,6ij6,A,170,ALA,ALA,0.996303722,0.996303722,0,0.996303722,4.06E-08,5.87E-07,1.32E-06,0.00014651,3.64E-07,4.44E-07,3.31E-06,3.06E-07,5.60E-07,1.27E-06,1.68E-07,9.60E-06,5.55E-08,2.27E-06,0.00350568,1.76E-05,5.29E-09,3.79E-08,6.14E-06,0.99647,0,0.00352,0,0,0,0.99631,0.00016,0,0.00352
140,6ij6_A,6ij6,A,171,ALA,ALA,0.595994096,0.595994096,0,0.595994096,4.39E-05,0.000244569,0.000847017,0.000396861,0.000643962,0.009240226,1.64E-05,1.41E-05,0.001256018,8.18E-05,0.000188447,5.44E-05,2.10E-06,9.56E-06,0.048826976,0.118125185,2.42E-06,5.70E-06,0.224006219,0.8218,2.00E-05,0.16786,0.00025,0.01009,0.01033,0.59601,0.00045,0.01098,0.16696
141,6ij6_A,6ij6,A,172,ASN,ASN,0.543044317,0.543044317,0,9.68E-05,0.00225773,0.543044317,0.289385038,0.003415754,0.018204356,0.126084224,3.41E-07,0.000216552,1.79E-05,0.000262132,0.011358428,0.001594109,4.18E-06,6.31E-07,0.001995061,0.002001912,7.87E-06,6.78E-06,4.59E-05,0.00543,0.00024,0.56547,0.01383,0.41547,0.4293,0.0001,0.00501,0.97672,0.004
142,6ij6_A,6ij6,A,173,ASN,ASN,0.73467081,0.73467081,0,0.00052654,0.000462583,0.73467081,0.007235584,0.022156613,0.006826873,0.005077441,1.26E-05,0.101370179,1.04E-05,1.24E-05,0.00158911,0.000499753,0.000395351,4.07E-06,0.117673258,0.001046811,1.37E-05,0.00030597,0.000110078,0.02332,0.10209,0.96189,0.10342,0.01231,0.11573,0.00054,0.02266,0.75381,0.11903
143,6ij6_A,6ij6,A,174,PRO,PRO,0.999162274,0.999162274,0,1.93E-05,3.16E-07,3.15E-06,7.16E-07,2.99E-07,4.37E-07,1.86E-07,6.54E-06,2.24E-07,2.60E-09,1.25E-08,1.47E-07,1.75E-08,2.29E-08,0.999162274,0.000783812,2.25E-05,2.30E-09,1.99E-08,1.78E-08,0.99918,0,0.00081,0,0,0,3.00E-05,0,0,0.00081
144,6ij6_A,6ij6,A,175,SER,ASP,0.268727246,0.426386718,0.707,0.18775058,0.004424973,0.043101752,0.426386718,0.001145212,0.003031897,0.043609575,0.000360872,0.000375757,1.27E-05,0.000764982,0.00934909,0.000520111,7.63E-05,0.000488986,0.268727246,0.00969402,1.40E-05,8.15E-05,8.38E-05,0.19077,0.00055,0.32501,0.01415,0.47,0.48415,0.18811,0.00167,0.51613,0.2785
145,6ij6_A,6ij6,A,176,LEU,LEU,0.999525262,0.999525262,0,2.20E-07,1.17E-06,2.68E-06,4.71E-08,9.93E-07,1.02E-06,1.85E-07,4.05E-08,1.00E-06,0.000368296,0.999525262,1.16E-06,8.77E-05,2.70E-07,4.80E-09,7.87E-08,4.18E-06,2.72E-09,1.60E-08,5.65E-06,0.99999,0,1.00E-05,0,0,0,0,9.00E-05,0,0
146,6ij6_A,6ij6,A,177,LYS,LYS,0.968045571,0.968045571,0,1.81E-09,0.004284074,0.000264994,8.62E-06,2.10E-06,0.021494677,0.001008386,5.35E-10,0.003785948,5.39E-08,0.000121297,0.968045571,0.000978175,3.77E-06,4.49E-09,2.04E-08,3.99E-08,5.62E-07,1.69E-06,6.96E-09,0.0011,0.00379,0.02555,0.97612,0.00102,0.97713,0,0.00098,0.02278,0
147,6ij6_A,6ij6,A,178,ALA,ALA,0.624904405,0.624904405,0,0.624904405,3.48E-06,0.19632059,0.015988171,0.110042005,1.54E-05,2.38E-05,1.50E-05,2.02E-05,3.04E-07,7.21E-07,3.13E-06,1.60E-05,3.88E-07,1.41E-06,0.052344747,0.000254368,5.51E-08,1.36E-07,4.57E-05,0.73501,2.00E-05,0.24896,3.00E-05,0.01601,0.01604,0.62492,0.11006,0.21235,0.0526
148,6ij6_A,6ij6,A,179,ALA,ALA,0.577921332,0.577921332,0,0.577921332,2.11E-06,0.000248201,1.40E-05,0.048854339,1.41E-05,2.90E-06,4.10E-06,8.41E-06,7.45E-05,4.78E-06,2.91E-06,1.53E-05,3.80E-07,7.20E-07,0.240595034,0.068248854,2.94E-08,4.26E-07,0.063987581,0.69086,1.00E-05,0.30912,1.00E-05,2.00E-05,3.00E-05,0.57793,0.04887,0.00028,0.30884
149,6ij6_A,6ij6,A,180,ALA,ALA,0.984057892,0.984057892,0,0.984057892,3.42E-06,1.35E-05,1.18E-05,0.004773017,4.88E-05,6.19E-05,0.002835245,3.06E-06,7.94E-05,9.11E-05,2.11E-05,0.0005508,1.06E-06,5.09E-06,0.005674317,0.000684438,1.81E-07,1.05E-06,0.001082894,0.99064,1.00E-05,0.00643,3.00E-05,7.00E-05,0.0001,0.98689,0.00532,0.00014,0.00636
150,6ij6_A,6ij6,A,181,PRO,PRO,0.999883715,0.999883715,0,1.67E-05,1.10E-09,6.53E-08,4.92E-08,3.52E-06,2.00E-07,6.17E-06,3.24E-08,9.59E-10,3.90E-07,3.26E-09,3.20E-09,2.04E-08,3.54E-10,0.999883715,1.01E-05,9.52E-06,6.67E-11,6.19E-10,6.95E-05,0.99997,0,2.00E-05,0,1.00E-05,1.00E-05,2.00E-05,0,1.00E-05,2.00E-05
151,6ij6_A,6ij6,A,182,GLN,MET,0.382765258,0.501503617,0.339,0.000131336,0.000379233,0.002497168,0.006526212,0.001720439,0.382765258,0.057577824,2.47E-06,0.00234527,0.008004429,0.001080445,0.000369763,0.501503617,0.003267597,8.41E-06,0.001395851,0.012790527,0.000570361,0.00103483,0.016028965,0.52848,0.00722,0.40283,0.00309,0.0641,0.0672,0.00013,0.50322,0.44937,0.01522
152,6ij6_A,6ij6,A,183,ALA,CYS,0.122590478,0.300001281,0.744,0.122590478,0.000304995,0.161544589,0.009826045,0.300001281,0.02422116,0.028694741,8.35E-05,0.000149993,8.32E-05,2.47E-05,8.70E-05,0.015172137,5.25E-06,0.000120104,0.225459086,0.101197792,3.58E-06,7.65E-06,0.01042283,0.44841,0.00017,0.51258,0.00054,0.03852,0.03906,0.12267,0.31517,0.22429,0.32666
153,6ij6_A,6ij6,A,184,PRO,PRO,0.999986985,0.999986985,0,1.00E-05,1.69E-10,6.51E-09,3.45E-09,1.75E-07,8.91E-09,2.50E-08,6.71E-09,1.52E-10,9.57E-10,6.30E-10,5.90E-10,6.06E-10,8.91E-12,0.999986985,2.69E-06,7.21E-08,7.65E-12,2.48E-11,2.12E-08,1,0,0,0,0,0,1.00E-05,0,0,0
154,6ij6_A,6ij6,A,185,TRP,TRP,0.528459583,0.528459583,0,3.10E-10,1.59E-06,1.32E-08,6.00E-09,7.70E-10,8.17E-07,7.37E-08,6.78E-11,6.60E-05,2.67E-08,8.95E-08,8.84E-07,9.16E-07,0.09990288,5.03E-11,4.95E-10,2.06E-10,0.528459583,0.37156714,1.82E-09,0,1,0.37163,7.00E-05,0,7.00E-05,0,0,0,0.37157
155,6ij6_A,6ij6,A,186,HIS,ASP,0.047486171,0.772106284,3.197,1.04E-05,2.15E-06,0.174955504,0.772106284,0.002500917,0.00024219,0.000957072,3.91E-08,0.047486171,6.51E-07,1.06E-05,1.99E-05,3.69E-05,0.000459685,2.13E-07,0.000749839,2.65E-05,0.000104041,0.000322333,8.51E-06,0.00257,0.04837,0.22378,0.04751,0.77306,0.82057,1.00E-05,0.00254,0.94826,0.0011
156,6ij6_A,6ij6,A,187,SER,ALA,0.342694043,0.529820792,0.462,0.529820792,0.00279305,0.017494118,0.051321211,0.004624975,0.009608894,0.018554408,0.005719911,0.005352594,0.000170394,0.00055144,0.006936744,0.000388726,0.001080785,8.46E-05,0.342694043,0.001123561,8.64E-05,0.000631327,0.000962014,0.5366,0.00715,0.3769,0.01508,0.06988,0.08496,0.53554,0.00501,0.09698,0.34445
157,6ij6_A,6ij6,A,188,SER,SER,0.992789927,0.992789927,0,0.000753426,8.53E-06,0.000342195,0.004351054,0.001140618,2.50E-05,7.72E-05,1.40E-05,1.41E-06,2.52E-07,4.05E-06,1.77E-05,2.26E-06,2.75E-07,8.45E-07,0.992789927,0.000467442,2.02E-07,2.73E-07,3.29E-06,0.0019,0,0.99363,3.00E-05,0.00443,0.00446,0.00077,0.00114,0.0048,0.99326
158,6ij6_A,6ij6,A,189,THR,THR,0.976099318,0.976099318,0,1.18E-05,5.40E-07,0.01833765,0.000504708,0.001902598,2.20E-05,2.22E-06,3.89E-08,1.15E-06,5.27E-06,7.33E-07,7.70E-07,2.47E-06,1.76E-08,1.34E-06,0.001421788,0.976099318,2.15E-09,1.71E-08,0.001685584,0.00361,0,0.99588,0,0.00051,0.00051,1.00E-05,0.00191,0.01887,0.97752
159,6ij6_A,6ij6,A,190,ASN,ASP,0.210370685,0.789334293,1.33,4.85E-07,8.31E-06,0.210370685,0.789334293,2.54E-05,4.03E-05,0.000144081,3.36E-08,4.41E-07,2.65E-07,4.86E-07,1.64E-05,1.50E-06,2.08E-08,1.84E-08,4.49E-05,1.00E-05,1.25E-08,1.43E-08,2.29E-06,3.00E-05,0,0.21047,3.00E-05,0.78948,0.7895,0,3.00E-05,0.99989,5.00E-05
160,6ij6_A,6ij6,A,191,PHE,PHE,0.998880725,0.998880725,0,8.27E-10,2.05E-10,5.12E-08,4.09E-09,7.54E-08,7.38E-08,1.64E-08,5.84E-11,5.74E-06,1.07E-08,6.26E-06,1.32E-08,4.31E-05,0.998880725,1.69E-10,4.22E-10,6.01E-09,3.49E-06,0.001060457,3.62E-09,5.00E-05,0.99995,0.00107,1.00E-05,0,1.00E-05,0,4.00E-05,0,0.00106
161,6ij6_A,6ij6,A,192,SER,SER,0.636505845,0.636505845,0,0.225171366,0.000792007,0.054432176,0.002250701,0.009057758,0.004003636,0.005245086,0.000423649,0.034594563,0.00018423,0.000812391,0.003290535,0.000311442,0.000176559,3.70E-05,0.636505845,0.022226728,3.81E-05,0.000176848,0.000269368,0.23584,0.03499,0.75194,0.03868,0.0075,0.04617,0.2256,0.00937,0.06593,0.65891
162,6ij6_A,6ij6,A,193,SER,SER,0.689984487,0.689984487,0,0.278240681,0.000404798,0.001441963,0.005333347,0.002065639,0.001464812,0.005210438,0.00020031,1.21E-05,6.48E-05,2.25E-05,0.001114816,5.21E-05,2.43E-06,1.41E-05,0.689984487,0.011750607,8.99E-07,3.35E-06,0.002615732,0.28308,2.00E-05,0.70466,0.00153,0.01054,0.01208,0.27844,0.00212,0.01345,0.70174
163,6ij6_A,6ij6,A,194,VAL,ILE,0.369442629,0.479091094,0.349,1.39E-05,6.55E-05,0.122496566,0.000298911,0.000821654,0.000116609,1.39E-05,5.29E-07,7.91E-06,0.479091094,0.008094682,1.75E-05,0.000544307,2.39E-07,8.88E-07,0.000100553,0.018872208,1.64E-07,2.61E-07,0.369442629,0.85801,1.00E-05,0.14159,9.00E-05,0.00031,0.0004,1.00E-05,0.00137,0.12293,0.01897
164,6ij6_A,6ij6,A,195,THR,THR,0.90444167,0.90444167,0,0.000726364,7.60E-05,0.000275341,0.000124354,0.000955073,0.000313092,0.002183735,2.21E-06,6.41E-07,0.000823646,1.87E-06,0.000198678,6.22E-05,1.95E-07,6.51E-07,0.008331481,0.90444167,9.22E-08,2.60E-07,0.081482436,0.08405,0,0.91336,0.00028,0.00231,0.00258,0.00073,0.00102,0.0029,0.91277
165,6ij6_A,6ij6,A,196,VAL,VAL,0.996511918,0.996511918,0,4.88E-06,1.17E-08,8.71E-07,9.91E-08,5.04E-05,4.14E-08,1.67E-08,7.79E-09,7.27E-10,0.000565712,3.02E-08,2.57E-09,3.82E-08,1.17E-10,6.60E-08,2.54E-06,0.002863399,4.95E-10,1.82E-10,0.996511918,0.99713,0,0.00287,0,0,0,0,5.00E-05,0,0.00287
166,6ij6_A,6ij6,A,197,PRO,PRO,0.90691346,0.90691346,0,0.091392381,1.09E-07,5.55E-05,2.29E-05,1.54E-05,3.19E-05,2.83E-05,4.51E-05,6.03E-07,4.60E-08,7.23E-09,5.06E-07,2.13E-07,1.42E-08,0.90691346,0.001483898,9.41E-06,2.06E-09,1.86E-08,3.27E-07,0.99832,0,0.00158,0,5.00E-05,5.00E-05,0.09144,2.00E-05,0.00014,0.00149
167,6ij6_A,6ij6,A,198,THR,THR,0.948027299,0.948027299,0,0.000142224,3.66E-08,7.41E-06,1.14E-06,0.00244619,2.24E-07,3.40E-07,4.98E-08,4.37E-08,0.000272054,1.04E-07,5.39E-08,9.89E-07,1.13E-08,4.86E-08,0.000253783,0.948027299,6.08E-10,4.89E-09,0.048847991,0.05171,0,0.94829,0,0,0,0.00014,0.00245,1.00E-05,0.94828
168,6ij6_A,6ij6,A,199,LEU,LEU,0.959175801,0.959175801,0,6.45E-07,9.48E-07,1.73E-05,1.46E-06,4.04E-05,0.000118552,3.64E-06,7.45E-08,0.034216254,4.60E-06,0.959175801,1.64E-05,0.005457818,0.000917017,2.01E-08,3.31E-06,2.92E-07,6.44E-07,2.46E-05,2.13E-07,0.96468,0.03516,0.03438,0.03423,1.00E-05,0.03424,0,0.0055,0.00014,3.00E-05
169,6ij6_A,6ij6,A,200,ILE,ILE,0.54026437,0.54026437,0,6.63E-06,1.69E-07,4.45E-05,9.70E-06,0.000238693,1.22E-06,5.13E-06,4.98E-07,8.74E-07,0.54026437,0.00691978,8.04E-07,8.93E-06,3.44E-07,5.22E-07,1.08E-05,0.000834831,3.05E-08,1.09E-07,0.451652065,0.99909,0,0.00089,0,1.00E-05,2.00E-05,1.00E-05,0.00025,6.00E-05,0.00085
170,6ij6_A,6ij6,A,201,PHE,PHE,0.619655543,0.619655543,0,3.02E-07,7.77E-06,5.89E-06,1.06E-06,3.90E-06,2.77E-05,4.63E-06,1.22E-07,0.000702408,0.013595212,0.337236434,1.62E-05,0.004777286,0.619655543,1.10E-07,5.33E-07,2.09E-06,0.000846697,0.023062145,5.40E-05,0.35567,0.64427,0.0238,0.00073,1.00E-05,0.00073,0,0.00478,4.00E-05,0.02306
171,6ij6_A,6ij6,A,202,ALA,ALA,0.970643165,0.970643165,0,0.970643165,1.47E-08,1.59E-07,9.99E-07,1.56E-05,3.88E-08,4.63E-08,2.46E-06,7.06E-08,7.74E-10,1.48E-10,2.57E-08,9.63E-09,2.70E-09,1.76E-07,0.029335397,1.75E-06,3.14E-10,3.10E-09,4.80E-08,0.97066,0,0.02934,0,0,0,0.97065,2.00E-05,0,0.02934
172,6ij6_A,6ij6,A,203,CYS,CYS,0.989387705,0.989387705,0,0.010061617,1.39E-08,8.94E-05,9.53E-07,0.989387705,3.80E-06,1.98E-06,1.68E-05,1.30E-05,6.81E-08,2.11E-07,7.91E-09,4.45E-05,2.28E-07,9.85E-07,0.000363461,1.33E-05,3.21E-09,9.19E-08,1.86E-06,0.9995,1.00E-05,0.00048,1.00E-05,0,2.00E-05,0.01008,0.98943,0.0001,0.00038
173,6ij6_A,6ij6,A,204,GLU,GLU,0.813654629,0.813654629,0,2.18E-06,1.37E-05,0.000315804,0.000482199,2.38E-06,0.179402988,0.813654629,2.51E-09,0.000322522,3.10E-08,6.42E-06,0.005202042,0.000592948,2.64E-07,2.35E-09,7.30E-07,6.93E-07,1.14E-07,3.19E-07,3.79E-08,0.0006,0.00032,0.18004,0.00554,0.81414,0.81968,0,0.0006,0.99386,0
174,6ij6_A,6ij6,A,205,ASN,ASN,0.559453039,0.559453039,0,0.000179419,0.010938163,0.559453039,0.041162345,0.00157103,0.114456314,0.049197961,3.82E-05,0.013213023,0.000264803,0.003428019,0.199108182,0.003142077,0.000223532,3.54E-06,0.001966436,0.000887164,5.48E-05,0.000160977,0.000550923,0.00914,0.01365,0.69014,0.22326,0.09036,0.31362,0.00022,0.00471,0.76427,0.00301
175,6ij6_A,6ij6,A,206,ASP,ASP,0.991484563,0.991484563,0,0.00055044,2.75E-09,0.000633994,0.991484563,0.001144753,5.74E-07,3.53E-06,7.84E-07,8.51E-08,1.56E-09,3.95E-09,3.69E-10,4.31E-08,5.16E-10,9.52E-09,0.006177048,4.15E-06,9.51E-10,4.60E-10,2.01E-08,0.0017,0,0.00682,0,0.99149,0.99149,0.00055,0.00114,0.99212,0.00618
176,6ij6_A,6ij6,A,207,SER,ASP,0.232346114,0.44119452,0.458,0.156604392,0.011778533,0.104503491,0.44119452,0.004448097,0.004685592,0.011816617,0.00159282,0.007164251,0.000381375,0.000515552,0.007970973,0.000832954,0.002274666,9.10E-05,0.232346114,0.006943374,0.00090207,0.00201495,0.001938623,0.16481,0.01236,0.35766,0.02691,0.45301,0.47992,0.1582,0.00528,0.5622,0.2413
177,6ij6_A,6ij6,A,208,ILE,VAL,0.030234357,0.886800614,3.572,0.000433866,0.004303171,0.000362803,0.000260524,0.00031655,0.000557727,0.000761462,3.45E-06,7.19E-05,0.030234357,0.000464214,0.001063182,0.000547395,2.87E-05,1.01E-05,0.000604904,0.073150358,1.14E-05,1.33E-05,0.886800614,0.91881,0.00013,0.07476,0.00544,0.00102,0.00646,0.00044,0.00086,0.00194,0.07377
178,6ij6_A,6ij6,A,209,ALA,ALA,0.773595383,0.773595383,0,0.773595383,5.00E-05,0.001717275,1.01E-05,0.001515839,2.45E-05,9.15E-06,0.000320916,2.15E-05,2.60E-06,6.08E-06,3.74E-06,2.43E-05,1.66E-06,0.000259493,0.221442565,0.000959587,2.15E-07,1.24E-06,3.38E-05,0.77544,2.00E-05,0.22417,8.00E-05,2.00E-05,9.00E-05,0.77392,0.00154,0.00176,0.2224
179,6ij6_A,6ij6,A,210,PRO,PRO,0.996621944,0.996621944,0,0.000849227,6.53E-05,8.99E-05,1.67E-05,6.45E-05,0.000182723,0.000116137,5.10E-06,6.58E-06,1.14E-05,5.95E-06,0.00030623,4.84E-05,6.61E-07,0.996621944,0.000308107,0.001020658,1.19E-07,6.14E-07,0.000279822,0.99788,1.00E-05,0.00161,0.00038,0.00013,0.00051,0.00085,0.00011,0.00041,0.00133
180,6ij6_A,6ij6,A,211,VAL,VAL,0.99327432,0.99327432,0,7.96E-07,6.84E-09,7.49E-05,1.61E-06,6.06E-06,2.59E-07,4.61E-07,3.06E-09,2.87E-08,0.000414856,2.65E-08,2.02E-08,1.82E-07,1.21E-09,5.49E-06,1.70E-06,0.006219275,2.60E-10,2.16E-09,0.99327432,0.9937,0,0.0063,0,0,0,0,1.00E-05,8.00E-05,0.00622
181,6ij6_A,6ij6,A,212,ASN,ALA,0.082569379,0.23236489,1.095,0.23236489,0.033173313,0.082569379,0.148565298,0.003644787,0.026487055,0.12627917,0.000290973,0.019432596,0.009179003,0.002944177,0.073415416,0.001951072,0.002919474,5.40E-05,0.215425458,0.004706565,0.000245075,0.001835652,0.014516632,0.26465,0.02443,0.35046,0.12602,0.27484,0.40087,0.23266,0.0056,0.3839,0.22197
182,6ij6_A,6ij6,A,213,SER,SER,0.473637735,0.473637735,0,0.013955775,0.001655214,0.001505044,0.002558485,0.002436699,0.005393795,0.016531566,5.46E-05,7.03E-05,0.004461708,0.00141321,0.004602958,0.000590762,5.72E-05,4.21E-05,0.473637735,0.408043247,1.40E-05,7.14E-05,0.062904224,0.0858,0.00021,0.88872,0.00633,0.01909,0.02542,0.01401,0.00303,0.02599,0.88175
183,6ij6_A,6ij6,A,214,SER,SER,0.429019565,0.429019565,0,0.304635791,1.04E-05,0.011282749,0.000638953,0.020711503,7.11E-05,0.000124204,0.001017904,6.05E-05,1.28E-06,1.38E-06,1.28E-05,4.18E-06,5.89E-07,1.47E-05,0.429019565,0.23201305,1.46E-07,5.10E-07,0.00037874,0.32575,6.00E-05,0.67245,8.00E-05,0.00076,0.00085,0.30565,0.02072,0.01212,0.66103
184,6ij6_A,6ij6,A,215,ALA,ALA,0.961755689,0.961755689,0,0.961755689,1.70E-07,4.83E-07,2.51E-05,0.000165725,3.25E-06,5.20E-06,0.000288576,1.31E-06,4.16E-09,1.75E-08,5.44E-07,1.13E-06,3.74E-08,5.02E-06,0.037720259,2.73E-05,9.19E-09,3.88E-08,9.62E-08,0.96193,0,0.03775,0,3.00E-05,3.00E-05,0.96204,0.00017,3.00E-05,0.03775
185,6ij6_A,6ij6,A,216,LEU,LEU,0.937927605,0.937927605,0,6.25E-08,0.001808418,2.60E-06,5.10E-07,3.23E-06,0.048031933,0.000768632,7.39E-09,0.000419928,1.05E-05,0.937927605,0.008389465,0.002588577,1.53E-05,8.58E-09,4.21E-07,1.64E-06,2.36E-06,2.81E-05,7.34E-07,0.94053,0.00047,0.04848,0.01062,0.00077,0.01139,0,0.00259,0.0488,3.00E-05
186,6ij6_A,6ij6,A,217,PRO,PRO,0.999997495,0.999997495,0,4.48E-07,1.56E-08,1.65E-07,3.58E-07,2.52E-08,1.46E-07,5.65E-08,1.60E-09,6.33E-09,2.86E-08,2.47E-07,6.16E-08,9.13E-09,5.89E-10,0.999997495,4.72E-07,3.18E-07,1.51E-10,7.36E-10,1.45E-07,1,0,0,0,0,0,0,0,0,0
187,6ij6_A,6ij6,A,218,ILE,ILE,0.96369868,0.96369868,0,6.59E-08,4.23E-09,2.16E-07,4.84E-08,4.66E-06,0.000223972,7.71E-06,1.93E-09,4.77E-06,0.96369868,6.44E-05,2.23E-06,0.035490561,4.10E-05,6.47E-09,4.46E-09,1.64E-06,9.78E-09,3.42E-06,0.000456574,0.99972,5.00E-05,0.00023,1.00E-05,1.00E-05,1.00E-05,0,0.0355,0.00023,1.00E-05
188,6ij6_A,6ij6,A,219,TYR,PHE,0.493871534,0.505903554,-0.068,2.03E-13,1.35E-09,2.82E-10,4.17E-12,2.29E-11,9.68E-10,2.07E-10,2.29E-14,2.13E-05,3.73E-12,1.02E-09,1.53E-09,1.43E-07,0.505903554,2.14E-14,1.25E-12,4.40E-12,0.000203469,0.493871534,3.88E-12,0,1,0.49389,2.00E-05,0,2.00E-05,0,0,0,0.49387
189,6ij6_A,6ij6,A,220,ASP,ASP,0.618006772,0.618006772,0,0.001100978,0.000250786,0.213799775,0.618006772,0.005020502,0.007535173,0.079928422,4.38E-06,0.000261243,0.010275557,0.000147713,0.001655683,0.000552611,1.00E-05,1.18E-05,0.005378932,0.020695957,4.36E-06,1.11E-05,0.035348244,0.05246,0.00029,0.24768,0.00217,0.69794,0.7001,0.00111,0.00557,0.91927,0.02609
190,6ij6_A,6ij6,A,221,SER,SER,0.636351948,0.636351948,0,0.363505853,1.09E-08,2.63E-06,1.09E-05,8.28E-05,3.38E-07,5.07E-07,2.67E-05,7.71E-09,3.46E-10,6.84E-10,2.62E-08,5.72E-08,8.66E-10,9.18E-09,0.636351948,1.82E-05,2.35E-10,9.00E-10,7.23E-09,0.36359,0,0.63637,0,1.00E-05,1.00E-05,0.36353,8.00E-05,1.00E-05,0.63637
191,6ij6_A,6ij6,A,222,MET,MET,0.764428119,0.764428119,0,2.56E-06,4.49E-06,1.97E-05,4.76E-06,0.000161084,0.232406742,0.002191644,6.23E-08,1.26E-06,0.000536992,0.000147186,3.07E-05,0.764428119,7.89E-08,1.02E-07,8.81E-06,4.16E-05,1.74E-07,4.47E-08,1.40E-05,0.76529,0,0.23248,4.00E-05,0.0022,0.00223,0,0.76459,0.23462,5.00E-05
192,6ij6_A,6ij6,A,223,SER,THR,0.337889342,0.483829562,0.342,0.036244936,0.008331372,0.038996311,0.030727585,0.003380677,0.022471196,0.010291963,0.00082882,0.002719153,0.000325514,0.000883708,0.017461161,0.002614256,0.000163465,0.000290521,0.337889342,0.483829562,3.61E-05,0.00025157,0.002262773,0.046,0.00317,0.88616,0.02851,0.04102,0.06953,0.03707,0.00599,0.10249,0.82197
193,6ij6_A,6ij6,A,224,ARG,GLN,0.035236416,0.396116638,3.144,9.55E-06,0.035236416,0.013802295,0.000260517,1.19E-05,0.396116638,0.01374983,4.43E-07,0.003212078,6.31E-06,0.15748611,0.365218653,0.010747768,0.001121393,5.10E-07,7.62E-06,3.17E-06,0.001787452,0.001220823,5.31E-07,0.16826,0.00734,0.41436,0.40367,0.01401,0.41768,1.00E-05,0.01076,0.42393,0.00123
194,6ij6_A,6ij6,A,225,ASN,CYS,0.003172855,0.980058418,5.86,0.00026448,9.11E-06,0.003172855,7.27E-07,0.980058418,1.85E-05,8.75E-07,4.02E-07,4.08E-07,1.34E-05,0.000148657,2.67E-07,0.000132258,2.81E-08,1.67E-07,0.000162835,0.015036798,3.70E-09,1.74E-09,0.00097978,0.9816,0,0.01839,1.00E-05,0,1.00E-05,0.00026,0.98019,0.00319,0.0152
195,6ij6_A,6ij6,A,226,ALA,SER,0.346199646,0.553099697,0.47,0.346199646,5.81E-05,0.001991863,0.001126926,0.032086874,0.002785666,0.008541336,2.45E-05,0.000103103,1.63E-05,1.23E-06,8.56E-05,9.14E-05,1.91E-06,0.001054395,0.553099697,0.048686764,5.54E-07,3.97E-06,0.004040056,0.38349,0.00011,0.60667,0.00025,0.00967,0.00992,0.34622,0.03218,0.01445,0.60179
196,6ij6_A,6ij6,A,227,LYS,LYS,0.980359652,0.980359652,0,2.07E-10,0.018926348,1.52E-07,1.24E-09,6.41E-08,0.000516834,2.59E-05,2.88E-12,1.22E-06,6.27E-08,1.92E-06,0.980359652,0.00016778,1.57E-09,4.98E-12,7.83E-09,4.10E-08,1.51E-09,4.30E-09,3.78E-09,0.00017,0,0.00052,0.99929,3.00E-05,0.99931,0,0.00017,0.00054,0
197,6ij6_A,6ij6,A,228,GLN,GLN,0.379860929,0.379860929,0,0.001875056,3.88E-05,0.0007988,9.28E-05,0.009303947,0.379860929,0.368923346,0.000257887,0.000332596,6.89E-05,0.041560112,0.000348719,0.186518581,6.46E-06,9.68E-07,0.008640284,0.001307696,1.51E-06,8.76E-06,5.38E-05,0.23938,0.00035,0.39095,0.00072,0.36902,0.36974,0.00213,0.19582,0.74968,0.00996
198,6ij6_A,6ij6,A,229,PHE,PHE,0.961979536,0.961979536,0,3.29E-09,1.03E-08,4.63E-07,7.95E-08,1.05E-06,3.72E-07,2.81E-07,2.20E-10,0.000584577,2.16E-08,0.01268244,2.98E-07,0.000488788,0.961979536,1.30E-10,1.11E-07,2.41E-09,1.10E-05,0.024250995,6.82E-09,0.01317,0.98683,0.02484,0.00058,0,0.00059,0,0.00049,0,0.02425
199,6ij6_A,6ij6,A,230,LEU,LEU,0.746613498,0.746613498,0,4.97E-07,6.96E-08,6.48E-07,1.71E-07,8.38E-06,2.16E-06,1.34E-06,2.62E-08,7.55E-07,0.230388209,0.746613498,4.23E-07,0.00016989,1.79E-06,3.16E-08,1.84E-07,1.88E-05,1.85E-08,4.03E-07,0.022792754,0.99997,0,2.00E-05,0,0,0,0,0.00018,0,2.00E-05
200,6ij6_A,6ij6,A,231,GLU,GLN,0.283139701,0.694327964,0.925,2.56E-06,0.000326724,0.003125644,2.69E-05,0.004569748,0.694327964,0.283139701,3.64E-08,1.72E-06,2.14E-06,0.001342571,0.005274531,0.007772608,1.13E-08,1.26E-08,8.53E-05,1.12E-06,6.24E-08,9.16E-09,5.47E-07,0.01369,0,0.69754,0.0056,0.28317,0.28877,0,0.01234,0.98062,9.00E-05
201,6ij6_A,6ij6,A,232,ILE,ILE,0.992025474,0.992025474,0,2.06E-08,4.80E-09,1.04E-07,2.42E-08,4.06E-07,1.78E-06,3.07E-07,1.00E-09,1.19E-07,0.992025474,0.006042209,7.10E-08,0.001042807,5.08E-07,3.08E-09,3.43E-08,3.61E-06,2.27E-09,4.02E-08,0.000882469,0.99999,0,1.00E-05,0,0,0,0,0.00104,0,0
202,6ij6_A,6ij6,A,233,ASN,LYS,0.000914596,0.972859741,7.388,1.26E-05,0.01192127,0.000914596,0.000202308,1.86E-05,0.005119978,0.004406695,3.27E-07,0.000560125,0.001455503,0.000521627,0.972859741,0.000362435,0.000181332,1.39E-06,8.46E-05,0.000324399,1.69E-05,0.000134557,0.000901023,0.00327,0.00089,0.00714,0.98534,0.00461,0.98995,1.00E-05,0.00038,0.01064,0.00054
203,6ij6_A,6ij6,A,234,GLY,GLY,0.999051652,0.999051652,0,0.000617316,4.53E-06,3.51E-05,2.80E-05,2.52E-06,1.82E-05,3.41E-05,0.999051652,1.15E-06,9.39E-08,1.08E-06,1.64E-05,6.39E-07,7.61E-07,8.01E-07,0.000185707,1.15E-06,7.79E-08,5.09E-07,1.80E-07,0.00062,0,0.00024,2.00E-05,6.00E-05,8.00E-05,0.99967,0,0.00012,0.00019
204,6ij6_A,6ij6,A,235,GLY,GLY,0.99999811,0.99999811,0,1.70E-06,1.64E-10,4.22E-10,3.29E-09,5.18E-08,1.06E-10,2.52E-10,0.99999811,5.54E-11,5.62E-12,4.11E-11,1.60E-10,1.25E-10,8.63E-11,2.34E-09,1.32E-07,2.03E-10,1.66E-11,2.68E-11,1.68E-11,0,0,0,0,0,0,1,0,0,0
205,6ij6_A,6ij6,A,236,SER,ASP,0.187860972,0.611235173,1.815,0.124005504,0.000274596,0.072890699,0.611235173,0.001412478,0.000600221,0.000309798,0.000397576,1.13E-05,6.60E-06,1.01E-05,0.000382638,2.92E-05,7.16E-07,1.21E-05,0.187860972,0.000527645,1.17E-06,9.20E-07,3.07E-05,0.12551,1.00E-05,0.26189,0.00067,0.61154,0.61221,0.1244,0.00144,0.68504,0.18839
206,6ij6_A,6ij6,A,237,HIS,HIS,0.999946409,0.999946409,0,1.60E-10,2.99E-09,3.22E-05,5.45E-08,5.54E-08,4.50E-07,8.37E-08,1.79E-12,0.999946409,1.39E-09,1.43E-10,3.76E-07,5.88E-08,1.32E-05,1.15E-11,2.13E-09,8.29E-09,6.67E-09,7.13E-06,6.24E-09,0,0.99997,0.99999,0.99995,0,0.99995,0,0,3.00E-05,1.00E-05
207,6ij6_A,6ij6,A,238,SER,ALA,0.133929439,0.780255635,2.087,0.780255635,1.02E-07,2.33E-05,7.90E-05,8.00E-05,1.14E-07,1.07E-07,0.08562362,8.46E-08,4.34E-10,6.08E-09,1.67E-07,3.49E-08,7.24E-09,1.20E-07,0.133929439,8.23E-06,1.35E-09,3.86E-09,4.33E-09,0.78034,0,0.13396,0,8.00E-05,8.00E-05,0.86588,8.00E-05,0.0001,0.13394
208,6ij6_A,6ij6,A,239,CYS,CYS,0.994438033,0.994438033,0,0.005230895,2.05E-09,1.65E-06,1.43E-07,0.994438033,3.05E-08,3.32E-08,2.72E-06,1.40E-07,1.29E-08,5.33E-09,1.79E-09,2.86E-07,7.85E-09,1.54E-08,0.00032493,8.10E-07,5.00E-10,8.31E-10,2.87E-07,0.99967,0,0.00033,0,0,0,0.00523,0.99444,0,0.00033
209,6ij6_A,6ij6,A,240,ALA,CYS,0.093973452,0.815931961,3.244,0.093973452,2.05E-05,0.001484204,9.02E-05,0.815931961,0.000258091,0.000116105,1.21E-05,1.38E-05,0.000328727,7.13E-05,3.94E-05,0.000209341,1.32E-06,2.61E-05,0.007095506,0.062389933,8.09E-07,8.91E-07,0.017936201,0.92848,2.00E-05,0.07124,7.00E-05,0.00021,0.00028,0.09399,0.81614,0.00195,0.06949
210,6ij6_A,6ij6,A,241,ASN,ASN,0.648244629,0.648244629,0,0.054273526,1.14E-05,0.648244629,0.077843251,0.128528998,0.00034505,0.000582896,0.006118136,1.39E-05,0.000230838,0.00022568,1.26E-05,6.02E-05,5.65E-07,4.99E-05,0.017922365,0.057958308,4.44E-07,4.87E-07,0.007576788,0.19095,2.00E-05,0.72448,4.00E-05,0.07843,0.07846,0.06039,0.12859,0.72702,0.07588
211,6ij6_A,6ij6,A,242,SER,SER,0.780495386,0.780495386,0,0.199613346,5.30E-07,2.92E-05,0.000136485,4.95E-05,8.68E-06,1.43E-05,4.32E-05,4.08E-07,1.36E-07,1.11E-07,4.10E-07,3.14E-07,4.72E-08,2.37E-07,0.780495386,0.019592815,2.23E-08,8.07E-08,1.47E-05,0.19968,0,0.80013,0,0.00015,0.00015,0.19966,5.00E-05,0.00019,0.80009
212,6ij6_A,6ij6,A,243,GLY,GLY,0.999999973,0.999999973,0,1.68E-08,1.06E-10,2.35E-09,1.24E-09,1.55E-10,5.78E-11,1.69E-10,0.999999973,3.10E-11,9.43E-14,1.52E-11,1.39E-10,9.86E-12,2.10E-11,5.49E-12,6.25E-09,1.14E-11,5.73E-13,6.16E-12,2.68E-13,0,0,0,0,0,0,1,0,0,0
213,6ij6_A,6ij6,A,244,ASN,ASN,0.75806701,0.75806701,0,1.32E-05,1.20E-06,0.75806701,0.000399544,0.048741527,0.007205679,0.000861941,9.32E-08,0.002629051,9.37E-05,0.000442,6.27E-06,0.00424405,1.17E-05,1.95E-07,0.000149934,0.177019417,2.31E-08,5.07E-07,0.000112886,0.05365,0.00264,0.94507,0.00264,0.00126,0.0039,1.00E-05,0.05299,0.76653,0.17717
214,6ij6_A,6ij6,A,245,SER,SER,0.731550926,0.731550926,0,0.020470579,0.002727961,0.030124575,0.166662807,0.000824726,0.002040876,0.011392164,0.000596686,0.00021374,5.33E-05,6.07E-05,0.005593667,9.39E-05,1.84E-05,1.26E-05,0.731550926,0.027113041,5.89E-06,2.54E-05,0.000418143,0.02193,0.00026,0.79107,0.00854,0.17805,0.18659,0.02107,0.00092,0.21022,0.75869
215,6ij6_A,6ij6,A,246,ASN,ASN,0.668782987,0.668782987,0,2.26E-08,1.13E-05,0.668782987,0.001059121,5.73E-05,0.013982693,0.009987734,2.35E-09,0.30496982,5.51E-06,6.93E-05,0.000115332,0.00051353,0.000212929,2.56E-08,9.21E-06,1.98E-05,1.02E-06,0.000194204,8.12E-06,0.00065,0.30538,0.98796,0.3051,0.01105,0.31614,0,0.00057,0.69381,0.00022
216,6ij6_A,6ij6,A,247,GLN,GLN,0.773643226,0.773643226,0,0.000503264,2.88E-05,0.005553634,0.000403556,0.031087158,0.773643226,0.120717313,7.65E-05,0.005878481,3.59E-06,0.000316358,0.004445401,0.051528019,9.76E-06,0.001576423,0.000960128,0.00326019,1.94E-07,4.89E-06,3.03E-06,0.08502,0.00589,0.7893,0.01035,0.12112,0.13147,0.00058,0.08262,0.90032,0.00423
217,6ij6_A,6ij6,A,248,ALA,ALA,0.936780398,0.936780398,0,0.936780398,9.72E-05,0.000317317,0.003271618,8.30E-05,1.81E-05,0.00022296,0.000370759,2.03E-06,1.53E-07,1.02E-06,0.000280181,2.67E-06,3.00E-07,2.25E-06,0.058478298,6.83E-05,8.53E-08,3.58E-07,3.11E-06,0.93687,0,0.05888,0.00038,0.00349,0.00387,0.93715,9.00E-05,0.00383,0.05855
218,6ij6_A,6ij6,A,249,LEU,LEU,0.999822278,0.999822278,0,1.68E-08,7.56E-09,3.10E-07,1.13E-08,1.74E-07,5.23E-06,4.99E-06,2.99E-10,3.17E-08,8.46E-05,0.999822278,4.32E-08,5.11E-05,8.76E-09,2.15E-09,2.77E-09,4.00E-06,1.15E-09,8.70E-10,2.72E-05,0.99999,0,1.00E-05,0,1.00E-05,1.00E-05,0,5.00E-05,1.00E-05,0
219,6ij6_A,6ij6,A,250,ILE,ILE,0.928617822,0.928617822,0,4.57E-05,3.49E-06,1.86E-05,2.89E-06,6.73E-05,0.003800744,0.000195408,1.12E-06,2.37E-06,0.928617822,0.002130391,1.08E-05,0.002241616,2.14E-07,9.58E-07,7.03E-05,0.004786256,1.26E-07,3.44E-07,0.058003619,0.99111,0,0.00868,2.00E-05,0.0002,0.00021,5.00E-05,0.00231,0.00402,0.00486
220,6ij6_A,6ij6,A,251,GLY,GLY,0.999999237,0.999999237,0,4.89E-07,1.45E-09,3.57E-09,3.97E-08,3.93E-08,1.14E-09,6.52E-09,0.999999237,5.22E-10,4.11E-11,4.77E-10,1.41E-09,2.61E-10,3.43E-10,2.17E-09,1.75E-07,1.09E-09,1.03E-10,1.91E-10,2.08E-10,0,0,0,0,0,0,1,0,0,0
221,6ij6_A,6ij6,A,252,LYS,LYS,0.942650082,0.942650082,0,5.40E-08,0.05169386,2.61E-09,1.99E-10,4.77E-08,0.000174202,4.79E-06,8.01E-09,1.14E-06,4.38E-10,8.02E-06,0.942650082,0.005430112,2.70E-06,5.22E-11,5.74E-09,2.62E-09,2.80E-05,6.92E-06,1.34E-10,0.00544,4.00E-05,0.00018,0.99435,0,0.99435,0,0.00543,0.00018,1.00E-05
222,6ij6_A,6ij6,A,253,LYS,LYS,0.941500715,0.941500715,0,3.53E-08,0.056361089,6.35E-08,3.03E-09,3.82E-08,0.000999366,8.38E-05,1.93E-10,2.97E-06,2.01E-08,6.07E-08,0.941500715,0.001047455,3.02E-07,1.74E-10,1.25E-08,1.25E-08,5.92E-08,4.01E-06,6.13E-09,0.00105,1.00E-05,0.00101,0.99786,8.00E-05,0.99795,0,0.00105,0.00108,0
223,6ij6_A,6ij6,A,254,GLY,GLY,0.999991365,0.999991365,0,7.76E-06,3.38E-09,5.01E-09,1.29E-08,6.22E-07,1.99E-09,6.51E-09,0.999991365,5.76E-10,3.31E-11,6.65E-10,2.34E-09,2.27E-09,6.35E-10,2.26E-09,2.08E-07,1.14E-09,4.45E-11,1.98E-10,3.00E-10,1.00E-05,0,0,0,0,0,1,0,0,0
224,6ij6_A,6ij6,A,255,VAL,VAL,0.979576447,0.979576447,0,7.20E-06,1.99E-07,0.002774924,0.000148194,0.000304625,9.78E-07,6.07E-06,1.30E-07,4.84E-07,0.016181101,5.77E-06,9.76E-08,5.12E-07,2.03E-08,2.72E-07,8.94E-06,0.000983946,5.71E-08,3.71E-08,0.979576447,0.99608,0,0.00377,0,0.00015,0.00016,1.00E-05,0.00031,0.00293,0.00099
225,6ij6_A,6ij6,A,256,ALA,ALA,0.938499189,0.938499189,0,0.938499189,1.81E-08,7.24E-08,8.95E-08,2.68E-06,9.01E-09,8.33E-09,2.45E-05,1.10E-08,1.46E-10,1.53E-10,4.17E-09,1.61E-09,1.19E-09,8.43E-09,0.061466193,7.23E-06,4.46E-10,9.53E-10,7.06E-09,0.9385,0,0.06147,0,0,0,0.93852,0,0,0.06147
226,6ij6_A,6ij6,A,257,TRP,TRP,0.999942022,0.999942022,0,1.19E-14,2.76E-11,7.52E-12,3.87E-13,1.16E-13,4.50E-11,6.47E-13,1.70E-15,3.26E-07,2.26E-14,1.20E-12,2.92E-12,4.45E-09,5.31E-05,1.88E-15,1.13E-14,9.07E-15,0.999942022,4.55E-06,1.52E-14,0,1,0,0,0,0,0,0,0,0
227,6ij6_A,6ij6,A,258,MET,MET,0.977127938,0.977127938,0,3.41E-05,6.81E-07,0.003642408,5.82E-06,0.009908072,0.000858404,5.62E-05,3.26E-07,0.006571404,8.51E-07,0.000250672,0.000127746,0.977127938,0.001330135,1.18E-07,1.63E-05,2.33E-07,2.33E-07,6.84E-05,6.83E-08,0.98732,0.00797,0.01116,0.0067,6.00E-05,0.00676,3.00E-05,0.98704,0.00456,8.00E-05
228,6ij6_A,6ij6,A,259,LYS,LYS,0.925763973,0.925763973,0,2.83E-10,0.074218232,1.20E-08,4.05E-10,1.32E-09,8.05E-06,5.48E-06,2.59E-12,2.35E-06,2.36E-09,4.91E-09,0.925763973,1.80E-06,1.10E-08,5.95E-12,8.84E-11,4.37E-11,1.13E-09,9.37E-08,1.65E-10,0,0,1.00E-05,0.99998,1.00E-05,0.99999,0,0,1.00E-05,0
229,6ij6_A,6ij6,A,260,ARG,ARG,0.980294923,0.980294923,0,8.45E-10,0.980294923,1.28E-07,2.16E-09,7.16E-08,9.53E-07,5.37E-08,1.10E-10,0.000228436,5.37E-11,6.92E-06,0.006752357,1.98E-05,0.002654374,2.48E-11,2.40E-10,4.96E-09,6.91E-05,0.00997282,6.22E-11,3.00E-05,0.01292,0.0102,0.98728,0,0.98728,0,2.00E-05,0,0.00997
230,6ij6_A,6ij6,A,261,PHE,HIS,0.232648861,0.374231314,0.518,1.24E-08,4.06E-06,0.001355047,3.70E-07,5.71E-07,9.26E-05,4.26E-05,2.54E-09,0.374231314,7.75E-08,9.93E-08,8.16E-06,0.000131787,0.232648861,1.56E-09,1.74E-08,1.54E-08,0.252138093,0.139346325,3.06E-09,0.00013,0.99836,0.51503,0.37424,4.00E-05,0.37429,0,0.00013,0.00149,0.13935
231,6ij6_A,6ij6,A,262,MET,LEU,0.374218141,0.499188119,0.605,2.30E-06,4.25E-06,0.05397406,5.29E-05,0.000764079,0.002398023,0.00018095,3.59E-07,0.000200533,0.039527485,0.499188119,0.000144939,0.374218141,1.64E-05,7.86E-07,6.12E-06,0.001335475,5.49E-07,1.96E-06,0.027982524,0.94168,0.00022,0.05792,0.00035,0.00023,0.00058,0,0.37498,0.05661,0.00134
232,6ij6_A,6ij6,A,263,ASP,ASP,0.595492084,0.595492084,0,0.000293491,1.93E-06,0.353098922,0.595492084,0.001603401,0.028224095,0.010388637,5.53E-06,0.004069382,3.93E-08,2.28E-06,2.99E-05,0.006583455,4.85E-06,1.18E-07,0.000196648,2.64E-06,2.53E-07,2.37E-06,2.94E-08,0.00848,0.00408,0.38559,0.0041,0.60588,0.60998,0.0003,0.00819,0.9872,0.0002
233,6ij6_A,6ij6,A,264,ASN,ASP,0.350956933,0.605109075,0.61,0.007624594,8.74E-05,0.350956933,0.605109075,0.00038612,0.006815024,0.023998727,2.35E-05,0.001405495,2.38E-07,0.000102831,0.000344341,0.000106759,1.88E-05,2.39E-07,0.002992852,3.42E-06,3.15E-06,1.99E-05,5.52E-07,0.00822,0.00145,0.36219,0.00184,0.62911,0.63095,0.00765,0.00049,0.98688,0.00302
234,6ij6_A,6ij6,A,265,ASP,ASP,0.961851955,0.961851955,0,1.53E-05,3.65E-08,0.033169527,0.961851955,0.000254737,0.000635671,0.003993561,1.65E-08,1.03E-06,5.06E-07,8.83E-08,4.36E-08,1.91E-05,6.61E-09,1.75E-08,3.41E-05,2.29E-05,2.14E-09,7.22E-09,1.34E-06,0.00029,0,0.03386,0,0.96585,0.96585,2.00E-05,0.00027,0.99965,6.00E-05
235,6ij6_A,6ij6,A,266,THR,THR,0.347665258,0.347665258,0,0.120958517,0.02088688,0.035256465,0.047035402,0.007703568,0.023119549,0.096884583,0.002707903,0.012405945,0.004694222,0.026116278,0.027236432,0.005153751,0.003942606,0.000842471,0.199447996,0.347665258,0.000343987,0.002728347,0.01486984,0.18034,0.01942,0.62062,0.06053,0.14392,0.20445,0.12367,0.01286,0.2023,0.54984
236,6ij6_A,6ij6,A,267,ARG,ARG,0.924553145,0.924553145,0,1.02E-07,0.924553145,0.002468519,1.63E-05,1.06E-06,0.006983898,0.000239217,4.92E-09,0.001280283,8.01E-08,0.000144659,0.062818847,0.000867916,4.59E-05,9.37E-09,9.71E-08,1.24E-07,0.00049841,8.14E-05,9.27E-09,0.00101,0.00191,0.01081,0.98865,0.00026,0.98891,0,0.00087,0.00971,8.00E-05
237,6ij6_A,6ij6,A,268,TYR,TYR,0.962144271,0.962144271,0,1.62E-12,1.81E-10,1.26E-10,4.78E-12,6.64E-12,1.76E-11,9.01E-12,2.92E-14,2.48E-07,1.08E-12,1.59E-10,8.21E-12,4.53E-10,0.03640167,1.45E-14,3.37E-12,5.70E-13,0.001453809,0.962144271,1.60E-12,0,1,0.96214,0,0,0,0,0,0,0.96214
238,6ij6_A,6ij6,A,269,SER,ALA,0.203100461,0.547686651,0.976,0.547686651,0.000261346,0.064977076,0.10247798,0.008379486,0.013653894,0.007351833,2.92E-05,0.00219576,0.001014251,0.00016033,0.001815896,0.000225165,1.95E-05,6.53E-06,0.203100461,0.038129013,4.03E-06,3.10E-05,0.008480648,0.56595,0.00225,0.32209,0.00427,0.10983,0.1141,0.54772,0.0086,0.18846,0.24126
239,6ij6_A,6ij6,A,270,THR,VAL,0.101431249,0.631358455,2.909,1.68E-05,0.002037648,0.002413355,0.000560003,0.000284116,0.005070232,0.003936149,2.53E-07,6.54E-05,0.239408767,0.00127757,0.01125257,0.000776567,4.25E-06,1.93E-06,0.000100282,0.101431249,1.27E-06,3.14E-06,0.631358455,0.87312,7.00E-05,0.10908,0.01336,0.0045,0.01785,2.00E-05,0.00106,0.01198,0.10153
240,6ij6_A,6ij6,A,271,PHE,PHE,0.522265142,0.522265142,0,7.66E-08,7.32E-06,4.68E-05,5.68E-06,1.87E-06,0.000196456,7.38E-05,7.59E-09,0.451231543,1.25E-06,5.25E-06,0.003246299,8.88E-05,0.522265142,2.69E-08,3.62E-07,9.33E-08,0.000824027,0.022004923,2.44E-07,0.0001,0.99633,0.47348,0.45449,8.00E-05,0.45456,0,9.00E-05,0.00032,0.02201
241,6ij6_A,6ij6,A,272,ALA,ALA,0.996486459,0.996486459,0,0.996486459,2.48E-08,8.86E-08,2.46E-07,1.46E-05,6.66E-08,4.36E-08,3.25E-07,6.00E-08,4.26E-10,1.17E-09,2.12E-08,5.00E-08,2.51E-09,3.40E-08,0.00349614,1.79E-06,3.92E-10,4.03E-09,4.85E-08,0.9965,0,0.0035,0,0,0,0.99649,1.00E-05,0,0.0035
242,6ij6_A,6ij6,A,273,CYS,CYS,0.998328414,0.998328414,0,0.000142329,5.50E-11,7.15E-05,1.00E-07,0.998328414,1.18E-08,3.11E-08,5.57E-08,0.001445695,3.53E-10,4.45E-10,4.79E-10,1.10E-07,1.12E-07,7.39E-09,9.70E-06,1.71E-06,2.52E-11,2.84E-09,2.07E-07,0.99847,0.00145,0.00153,0.00145,0,0.00145,0.00014,0.99833,7.00E-05,1.00E-05
243,6ij6_A,6ij6,A,274,GLU,GLU,0.62502614,0.62502614,0,8.74E-07,0.001505787,0.000239027,1.32E-05,5.59E-05,0.152076473,0.62502614,1.63E-08,0.001686002,7.26E-05,0.007911233,0.046728667,0.158255737,0.004839482,2.61E-08,7.06E-06,1.18E-05,1.02E-05,0.001537566,2.22E-05,0.16632,0.00807,0.15556,0.04992,0.62504,0.67496,0,0.15831,0.77735,0.00156
244,6ij6_A,6ij6,A,275,ASN,ASN,0.629702186,0.629702186,0,1.66E-06,3.35E-06,0.629702186,0.349377163,0.000298708,0.001707696,0.018225695,2.73E-08,0.000355436,2.61E-06,5.29E-06,0.000237337,4.06E-05,4.88E-07,4.16E-08,2.91E-05,9.66E-06,4.49E-08,2.80E-07,2.54E-06,0.00035,0.00036,0.6318,0.0006,0.3676,0.3682,0,0.00034,0.99901,4.00E-05
245,6ij6_A,6ij6,A,276,PRO,PRO,0.999999354,0.999999354,0,5.65E-07,9.03E-12,3.45E-09,2.88E-09,8.34E-09,1.76E-10,2.04E-10,2.44E-10,4.13E-10,2.88E-11,5.43E-12,9.10E-12,2.13E-11,4.45E-12,0.999999354,5.52E-08,7.79E-09,3.58E-13,5.86E-12,2.64E-09,1,0,0,0,0,0,0,0,0,0
246,6ij6_A,6ij6,A,277,ASN,ASN,0.239906319,0.239906319,0,1.37E-05,0.144697847,0.239906319,0.02407484,0.00128513,0.137790494,0.214783211,3.20E-06,0.012053773,0.011097431,0.028056085,0.169337402,0.00430879,0.000278283,1.46E-05,0.000566603,0.002730418,8.75E-05,0.000103443,0.008811041,0.05359,0.01252,0.39315,0.32609,0.23886,0.56495,2.00E-05,0.00559,0.61655,0.0034
247,6ij6_A,6ij6,A,278,SER,SER,0.983783243,0.983783243,0,0.014291229,1.45E-07,3.89E-05,0.001537017,0.000255518,1.84E-06,1.51E-05,3.82E-07,1.56E-06,1.68E-09,9.24E-09,5.47E-07,1.57E-07,1.46E-08,9.46E-08,0.983783243,7.41E-05,8.51E-09,1.59E-08,7.83E-08,0.01455,0,0.9839,0,0.00155,0.00155,0.01429,0.00026,0.00159,0.98386
248,6ij6_A,6ij6,A,279,THR,GLU,0.075751591,0.319760701,1.435,0.006731655,0.014150479,0.036814262,0.242858394,0.002406115,0.02361988,0.319760701,5.56E-05,0.011585201,0.010780516,0.003244243,0.08326182,0.003209593,0.0016048,8.88E-05,0.131377384,0.075751591,0.000194897,0.001185004,0.031319135,0.05778,0.01457,0.28033,0.109,0.56262,0.67162,0.00679,0.00562,0.62305,0.20831
249,6ij6_A,6ij6,A,280,ALA,ALA,0.600380823,0.600380823,0,0.600380823,0.000122191,0.000426598,0.001322471,0.000554456,0.001744449,0.006561906,0.000351423,7.03E-06,1.69E-05,2.59E-06,5.44E-05,9.21E-05,1.97E-06,0.000755698,0.377761875,0.009702519,8.62E-07,2.96E-06,0.000136745,0.60194,1.00E-05,0.38965,0.00018,0.00788,0.00807,0.60073,0.00065,0.01006,0.38747
250,6ij6_A,6ij6,A,281,VAL,VAL,0.991715618,0.991715618,0,0.000418206,1.91E-07,6.45E-05,1.17E-05,0.002236559,1.83E-05,4.23E-05,1.68E-07,5.97E-07,0.000800416,4.28E-05,1.76E-06,0.000134705,2.56E-07,1.92E-07,0.00012685,0.004384815,3.35E-08,4.39E-08,0.991715618,0.99535,0,0.0046,0,5.00E-05,6.00E-05,0.00042,0.00237,0.00014,0.00451
251,6ij6_A,6ij6,A,282,SER,SER,0.53650235,0.53650235,0,0.463474073,1.80E-08,3.68E-06,6.06E-06,5.63E-06,5.51E-07,6.59E-07,2.04E-07,1.51E-08,8.96E-10,4.22E-10,9.23E-08,5.17E-09,2.66E-10,3.61E-08,0.53650235,6.50E-06,6.71E-11,7.55E-10,1.15E-07,0.46348,0,0.53651,0,1.00E-05,1.00E-05,0.46347,1.00E-05,1.00E-05,0.53651
252,6ij6_A,6ij6,A,283,ASP,ASP,0.987483825,0.987483825,0,3.38E-05,1.05E-07,0.01087201,0.987483825,5.23E-05,3.05E-05,0.000232828,9.13E-08,6.55E-07,2.19E-08,8.13E-09,3.54E-07,3.11E-07,7.05E-09,5.46E-09,0.001240042,5.26E-05,2.38E-09,8.47E-09,5.14E-07,9.00E-05,0,0.0122,0,0.98772,0.98772,3.00E-05,5.00E-05,0.99862,0.00129
253,6ij6_A,6ij6,A,284,PHE,PHE,0.981992519,0.981992519,0,3.22E-13,4.02E-11,5.49E-10,2.76E-11,7.68E-11,2.13E-09,2.86E-10,3.92E-14,3.93E-05,4.24E-11,1.72E-10,3.53E-09,2.37E-07,0.981992519,5.70E-14,3.81E-12,2.70E-12,2.74E-06,0.017965216,7.82E-12,0,1,0.018,4.00E-05,0,4.00E-05,0,0,0,0.01797
254,6ij6_A,6ij6,A,285,ARG,ARG,0.917924864,0.917924864,0,2.29E-07,0.917924864,3.98E-06,4.73E-07,4.46E-07,0.004727428,4.58E-05,1.08E-08,2.44E-05,2.44E-07,0.000180343,0.076996561,8.81E-05,2.28E-06,2.48E-09,3.84E-07,1.56E-07,2.54E-06,1.69E-06,5.20E-08,0.00027,3.00E-05,0.00476,0.99495,5.00E-05,0.99499,0,9.00E-05,0.00478,0
255,6ij6_A,6ij6,A,286,THR,THR,0.970462708,0.970462708,0,0.000635376,1.63E-05,0.00019676,0.000179216,0.001315809,0.000828724,0.00016532,9.57E-07,7.82E-06,1.14E-05,1.90E-06,1.98E-05,2.53E-05,4.35E-07,4.77E-07,0.016024602,0.970462708,6.16E-08,5.67E-07,0.010106498,0.0121,1.00E-05,0.98752,4.00E-05,0.00034,0.00039,0.00064,0.00134,0.00137,0.98649
256,6ij6_A,6ij6,A,287,ALA,ALA,0.347954771,0.347954771,0,0.347954771,0.000585771,0.021720556,0.260921455,0.00676462,0.002961828,0.016106615,0.003126552,0.011898655,2.00E-05,4.76E-05,0.003102871,0.000225696,0.000381995,1.38E-05,0.321464407,0.001242659,9.88E-05,0.000345538,0.001015925,0.35604,0.01272,0.35963,0.01559,0.27703,0.29262,0.35108,0.00699,0.30171,0.32305
257,6ij6_A,6ij6,A,288,ASN,ASN,0.891031334,0.891031334,0,4.37E-05,0.002423847,0.891031334,0.011135799,7.02E-05,0.045206248,0.002937451,5.37E-07,0.029667774,3.11E-06,0.005724826,0.008705472,0.001194371,0.000974787,3.61E-07,0.000158394,1.78E-05,0.000143541,0.000558576,1.91E-06,0.00704,0.03134,0.96664,0.0408,0.01407,0.05487,4.00E-05,0.00126,0.95031,0.00073
258,6ij6_A,6ij6,A,289,CYS,CYS,0.999976294,0.999976294,0,8.39E-07,1.04E-09,9.05E-06,2.17E-08,0.999976294,3.63E-09,7.38E-09,2.11E-06,7.92E-09,1.03E-08,2.86E-07,1.17E-09,3.95E-07,1.24E-09,6.12E-10,1.94E-07,8.48E-06,4.40E-12,1.04E-10,2.30E-06,0.99998,0,2.00E-05,0,0,0,0,0.99998,1.00E-05,1.00E-05
259,6ij6_A,6ij6,A,290,SER,SER,0.450162885,0.450162885,0,0.097625513,0.0156626,0.017532014,0.079501096,0.001667111,0.035803278,0.162577391,0.004499756,0.000145726,0.000325619,0.000688288,0.014017758,0.002504742,4.45E-05,0.000263849,0.450162885,0.111706739,1.73E-05,8.02E-05,0.005173592,0.10825,0.00029,0.61543,0.02983,0.24208,0.2719,0.10213,0.00417,0.29541,0.56195
260,6ij6_A,6ij6,A,291,LEU,LEU,0.47510121,0.47510121,0,0.010283083,0.000906722,0.035940835,0.050479036,0.013883262,0.019051139,0.02441807,0.00276508,0.001577908,0.033785313,0.47510121,0.001424036,0.070766952,0.000657094,0.000921656,0.136226609,0.091054054,5.06E-05,0.000172459,0.030534888,0.63528,0.00246,0.28402,0.00391,0.0749,0.07881,0.01305,0.08465,0.12989,0.22745
