idx,protein,real_pos,chain_id,pos,wtAA,prAA,wt_prob,pred_prob,prALA,prARG,prASN,prASP,prCYS,prGLN,prGLU,prGLY,prHIS,prILE,prLEU,prLYS,prMET,prPHE,prPRO,prSER,prTHR,prTRP,prTYR,prVAL
0,petase_tk14,31,A,19,SER,SER,0.389,0.389,0.072,0.012,0.016,0.02,0.005,0.025,0.042,0.026,0.005,0.027,0.006,0.025,0.024,0.002,0.034,0.389,0.188,0.001,0.001,0.08
1,petase_tk14,32,A,20,HIS,PHE,0.183,0.428,0,0,0.009,0.001,0,0.001,0.001,0,0.183,0,0,0.001,0.004,0.428,0,0,0,0.079,0.292,0
2,petase_tk14,33,A,21,MET,HIS,0.033,0.224,0,0.11,0.032,0.015,0.001,0.169,0.085,0,0.224,0.015,0.071,0.078,0.033,0.049,0,0.003,0.01,0.031,0.071,0.003
3,petase_tk14,34,A,22,ARG,ARG,0.46,0.46,0,0.46,0.003,0,0,0.003,0.001,0,0.241,0.003,0.027,0.087,0.02,0.035,0,0,0.001,0.003,0.113,0.001
4,petase_tk14,35,A,23,GLY,GLY,1,1,0,0,0,0,0,0,0,1,0,0,0,0,0,0,0,0,0,0,0,0
5,petase_tk14,36,A,24,PRO,PRO,0.42,0.42,0.156,0.006,0.027,0.091,0.003,0.011,0.062,0.015,0.005,0,0.003,0.007,0.001,0.001,0.42,0.168,0.02,0,0.001,0.004
6,petase_tk14,37,A,25,ASN,ASP,0.187,0.598,0.001,0.002,0.187,0.598,0.002,0.001,0.018,0,0.001,0.004,0,0.007,0,0,0,0.01,0.136,0,0,0.032
7,petase_tk14,38,A,26,PRO,PRO,1,1,0,0,0,0,0,0,0,0,0,0,0,0,0,0,1,0,0,0,0,0
8,petase_tk14,39,A,27,THR,THR,0.902,0.902,0,0,0,0,0,0,0,0,0,0,0,0,0,0,0,0.097,0.902,0,0,0
9,petase_tk14,40,A,28,ALA,ALA,0.78,0.78,0.78,0.001,0.007,0.015,0,0.003,0.01,0,0,0,0,0.001,0,0,0,0.179,0.003,0,0,0
10,petase_tk14,41,A,29,ALA,ALA,0.663,0.663,0.663,0.018,0.007,0.041,0,0.024,0.122,0,0.001,0.001,0.007,0.049,0.001,0,0,0.041,0.02,0,0,0.004
11,petase_tk14,42,A,30,SER,SER,0.726,0.726,0.008,0,0.002,0.012,0,0.001,0.001,0,0,0.001,0,0,0,0,0,0.726,0.246,0,0,0.002
12,petase_tk14,43,A,31,LEU,LEU,1,1,0,0,0,0,0,0,0,0,0,0,1,0,0,0,0,0,0,0,0,0
13,petase_tk14,44,A,32,GLU,GLU,0.942,0.942,0,0,0.013,0.011,0.001,0.019,0.942,0,0,0,0.001,0.001,0.01,0,0,0,0.002,0,0,0
14,petase_tk14,45,A,33,ALA,ALA,0.934,0.934,0.934,0,0,0,0,0,0,0,0,0,0,0,0,0,0,0.066,0,0,0,0
15,petase_tk14,46,A,34,SER,SER,0.295,0.295,0.223,0.016,0.024,0.159,0.006,0.016,0.093,0,0.001,0.003,0.001,0.077,0.002,0,0,0.295,0.061,0,0,0.024
16,petase_tk14,47,A,35,ALA,ALA,0.776,0.776,0.776,0.001,0.002,0.001,0.005,0.006,0.013,0.019,0,0,0.001,0.003,0.001,0,0,0.123,0.043,0,0,0.004
17,petase_tk14,48,A,36,GLY,GLY,1,1,0,0,0,0,0,0,0,1,0,0,0,0,0,0,0,0,0,0,0,0
18,petase_tk14,49,A,37,PRO,PRO,0.954,0.954,0.033,0,0,0,0,0,0,0.002,0,0,0,0,0,0,0.954,0.01,0,0,0,0
19,petase_tk14,50,A,38,PHE,PHE,0.915,0.915,0,0,0.001,0,0,0,0,0,0.029,0,0,0.002,0,0.915,0,0,0,0,0.053,0
20,petase_tk14,51,A,39,THR,THR,0.427,0.427,0.021,0.006,0.083,0.037,0.001,0.014,0.082,0,0.008,0.035,0.002,0.066,0.001,0,0,0.019,0.427,0,0,0.196
21,petase_tk14,52,A,40,VAL,VAL,0.909,0.909,0.002,0,0,0,0.002,0,0,0,0,0.009,0,0,0,0,0,0,0.077,0,0,0.909
22,petase_tk14,53,A,41,ARG,LYS,0.097,0.483,0.003,0.097,0.064,0.009,0.001,0.16,0.118,0,0.002,0,0.047,0.483,0.005,0,0,0.007,0.005,0,0,0.001
23,petase_tk14,54,A,42,SER,SER,0.829,0.829,0.007,0,0.048,0.065,0.013,0.003,0.011,0,0.011,0,0,0.001,0,0,0,0.829,0.012,0,0,0
24,petase_tk14,55,A,43,PHE,PHE,0.997,0.997,0,0,0,0,0,0,0,0,0,0,0,0,0,0.997,0,0,0,0,0.003,0
25,petase_tk14,56,A,44,THR,THR,0.694,0.694,0.013,0.002,0.02,0.01,0.002,0.007,0.032,0,0,0.007,0.001,0.01,0,0,0,0.061,0.694,0,0,0.141
26,petase_tk14,57,A,45,VAL,VAL,0.948,0.948,0,0,0,0,0,0,0,0,0,0.052,0,0,0,0,0,0,0,0,0,0.948
27,petase_tk14,58,A,46,SER,GLU,0.129,0.294,0.22,0.022,0.02,0.16,0.002,0.04,0.294,0.001,0,0.001,0.026,0.046,0.003,0,0,0.129,0.03,0,0,0.004
28,petase_tk14,59,A,47,ARG,SER,0.042,0.231,0.092,0.042,0.115,0.063,0.004,0.079,0.14,0.002,0.004,0.003,0.006,0.076,0.004,0.001,0,0.231,0.12,0,0.001,0.018
29,petase_tk14,60,A,48,PRO,PRO,0.994,0.994,0.003,0,0,0,0.001,0,0,0,0,0,0,0,0,0,0.994,0.002,0,0,0,0
30,petase_tk14,61,A,49,SER,ASP,0.198,0.294,0.044,0.01,0.036,0.294,0.008,0.039,0.135,0,0.008,0.02,0.004,0.01,0.005,0.002,0,0.198,0.135,0.002,0.004,0.045
31,petase_tk14,62,A,50,GLY,GLY,1,1,0,0,0,0,0,0,0,1,0,0,0,0,0,0,0,0,0,0,0,0
32,petase_tk14,63,A,51,TYR,PHE,0.203,0.767,0,0,0,0,0,0,0,0,0.028,0,0,0,0.001,0.767,0,0,0,0.001,0.203,0
33,petase_tk14,64,A,52,GLY,GLY,1,1,0,0,0,0,0,0,0,1,0,0,0,0,0,0,0,0,0,0,0,0
34,petase_tk14,65,A,53,ALA,ALA,0.622,0.622,0.622,0,0,0.002,0,0,0,0.274,0,0,0,0,0,0,0,0.102,0,0,0,0
35,petase_tk14,66,A,54,GLY,GLY,1,1,0,0,0,0,0,0,0,1,0,0,0,0,0,0,0,0,0,0,0,0
36,petase_tk14,67,A,55,THR,THR,0.665,0.665,0,0,0.069,0.012,0.001,0,0.001,0,0,0.003,0,0,0,0,0,0,0.665,0,0,0.247
37,petase_tk14,68,A,56,VAL,VAL,0.99,0.99,0,0,0,0,0,0,0,0,0,0.01,0,0,0,0,0,0,0,0,0,0.99
38,petase_tk14,69,A,57,TYR,TYR,0.951,0.951,0,0,0,0,0,0,0,0,0,0,0,0,0,0.046,0,0,0,0.004,0.951,0
39,petase_tk14,70,A,58,TYR,TYR,0.957,0.957,0,0,0,0,0,0,0,0,0,0,0,0,0,0.041,0,0,0,0.001,0.957,0
40,petase_tk14,71,A,59,PRO,PRO,1,1,0,0,0,0,0,0,0,0,0,0,0,0,0,0,1,0,0,0,0,0
41,petase_tk14,72,A,60,THR,THR,0.544,0.544,0,0,0.002,0.008,0.001,0.001,0.01,0,0,0.167,0.011,0,0.001,0,0,0.002,0.544,0,0,0.254
42,petase_tk14,73,A,61,ASN,ASP,0.247,0.634,0.022,0.005,0.247,0.634,0.001,0.012,0.027,0.001,0.001,0.001,0.001,0.009,0.001,0,0,0.031,0.004,0,0,0.003
43,petase_tk14,74,A,62,ALA,ALA,0.99,0.99,0.99,0,0,0,0.001,0,0,0,0,0,0,0,0,0,0,0.009,0,0,0,0
44,petase_tk14,75,A,63,GLY,GLY,0.999,0.999,0.001,0,0,0,0,0,0,0.999,0,0,0,0,0,0,0,0,0,0,0,0
45,petase_tk14,76,A,64,GLY,GLY,0.998,0.998,0.002,0,0,0,0,0,0,0.998,0,0,0,0,0,0,0,0,0,0,0,0
46,petase_tk14,77,A,65,THR,VAL,0.35,0.475,0.016,0,0.022,0.043,0.003,0.005,0.015,0,0,0.012,0.001,0.009,0.001,0,0,0.047,0.35,0,0,0.475
47,petase_tk14,78,A,66,VAL,VAL,0.996,0.996,0,0,0,0,0,0,0,0,0,0.003,0,0,0,0,0,0,0,0,0,0.996
48,petase_tk14,79,A,67,GLY,GLY,0.999,0.999,0,0,0,0,0,0,0,0.999,0,0,0,0,0,0,0,0.001,0,0,0,0
49,petase_tk14,80,A,68,ALA,ALA,0.986,0.986,0.986,0,0,0,0.001,0,0,0,0,0,0,0,0,0,0,0.013,0,0,0,0
50,petase_tk14,81,A,69,ILE,ILE,0.937,0.937,0,0,0,0,0,0,0,0,0,0.937,0,0,0,0,0,0,0,0,0,0.062
51,petase_tk14,82,A,70,ALA,SER,0.467,0.524,0.467,0,0,0,0.007,0,0,0.001,0,0,0,0,0,0,0,0.524,0.001,0,0,0
52,petase_tk14,83,A,71,ILE,ILE,0.977,0.977,0,0,0,0,0,0,0,0,0,0.977,0,0,0,0,0,0,0,0,0,0.022
53,petase_tk14,84,A,72,VAL,VAL,0.946,0.946,0,0,0,0,0.001,0,0,0,0,0.002,0,0,0,0,0,0,0.051,0,0,0.946
54,petase_tk14,85,A,73,PRO,PRO,0.985,0.985,0.001,0,0,0,0,0,0,0,0,0,0,0,0,0,0.985,0.013,0,0,0,0
55,petase_tk14,86,A,74,GLY,GLY,0.968,0.968,0.032,0,0,0,0,0,0,0.968,0,0,0,0,0,0,0,0.001,0,0,0,0
56,petase_tk14,87,A,75,TYR,TYR,0.386,0.386,0,0.343,0,0,0,0.001,0,0,0.095,0,0,0.052,0.004,0.101,0,0,0,0.017,0.386,0
57,petase_tk14,88,A,76,THR,SER,0.255,0.309,0.06,0.014,0.079,0.031,0.011,0.026,0.047,0.001,0.003,0.023,0.014,0.027,0.008,0.001,0,0.309,0.255,0,0.001,0.09
58,petase_tk14,89,A,77,ALA,ALA,0.706,0.706,0.706,0,0,0,0,0,0,0.161,0,0,0,0,0,0,0,0.132,0.001,0,0,0
59,petase_tk14,90,A,78,ARG,ARG,0.619,0.619,0,0.619,0.007,0,0,0.007,0.002,0,0.139,0,0.005,0.191,0.002,0.005,0,0,0.007,0.001,0.014,0
60,petase_tk14,91,A,79,GLN,GLN,0.332,0.332,0.038,0.054,0.006,0,0.002,0.332,0.023,0,0,0.055,0.002,0.05,0.276,0,0,0.068,0.085,0,0,0.008
61,petase_tk14,92,A,80,SER,ALA,0.363,0.464,0.464,0.003,0.004,0.116,0.001,0.002,0.026,0,0,0,0,0.011,0,0,0,0.363,0.008,0,0,0.001
62,petase_tk14,93,A,81,SER,SER,0.728,0.728,0.198,0,0,0.004,0.008,0,0,0,0,0,0,0,0,0,0,0.728,0.061,0,0,0
63,petase_tk14,94,A,82,ILE,VAL,0.4,0.593,0,0,0,0,0,0.002,0.001,0,0,0.4,0,0,0.004,0,0,0,0,0,0,0.593
64,petase_tk14,95,A,83,LYS,GLU,0.186,0.353,0,0.005,0.095,0.024,0.001,0.261,0.353,0,0.005,0.021,0.038,0.186,0.003,0,0,0.004,0,0,0,0.003
65,petase_tk14,96,A,84,TRP,TRP,0.969,0.969,0,0.005,0,0,0,0,0,0,0,0,0,0,0,0.009,0,0,0,0.969,0.017,0
66,petase_tk14,97,A,85,TRP,TRP,1,1,0,0,0,0,0,0,0,0,0,0,0,0,0,0,0,0,0,1,0,0
67,petase_tk14,98,A,86,GLY,GLY,1,1,0,0,0,0,0,0,0,1,0,0,0,0,0,0,0,0,0,0,0,0
68,petase_tk14,99,A,87,PRO,PRO,0.997,0.997,0,0,0,0,0,0,0,0,0,0,0,0,0,0,0.997,0.001,0.001,0,0,0
69,petase_tk14,100,A,88,ARG,ARG,0.711,0.711,0,0.711,0,0,0,0,0,0,0,0,0,0.289,0,0,0,0,0,0,0,0
70,petase_tk14,101,A,89,LEU,LEU,0.977,0.977,0,0,0,0,0.002,0,0,0,0,0,0.977,0,0.019,0,0,0,0,0,0,0
71,petase_tk14,102,A,90,ALA,ALA,0.857,0.857,0.857,0,0,0,0,0,0,0,0,0,0,0,0,0,0,0.142,0.001,0,0,0
72,petase_tk14,103,A,91,SER,SER,0.999,0.999,0,0,0,0,0,0,0,0,0,0,0,0,0,0,0,0.999,0,0,0,0
73,petase_tk14,104,A,92,HIS,TYR,0.2,0.77,0,0,0,0,0,0,0,0,0.2,0,0,0,0,0.03,0,0,0,0,0.77,0
74,petase_tk14,105,A,93,GLY,GLY,1,1,0,0,0,0,0,0,0,1,0,0,0,0,0,0,0,0,0,0,0,0
75,petase_tk14,106,A,94,PHE,PHE,0.977,0.977,0,0,0,0,0,0,0,0,0,0,0,0,0,0.977,0,0,0,0,0.023,0
76,petase_tk14,107,A,95,VAL,VAL,0.998,0.998,0,0,0,0,0.001,0,0,0,0,0.001,0,0,0,0,0,0,0.001,0,0,0.998
77,petase_tk14,108,A,96,VAL,VAL,1,1,0,0,0,0,0,0,0,0,0,0,0,0,0,0,0,0,0,0,0,1
78,petase_tk14,109,A,97,ILE,ILE,0.983,0.983,0,0,0,0,0,0,0,0,0,0.983,0.002,0,0,0,0,0,0,0,0,0.015
79,petase_tk14,110,A,98,THR,THR,0.456,0.456,0,0,0.053,0,0.002,0,0,0,0,0.388,0.002,0,0,0,0,0,0.456,0,0,0.098
80,petase_tk14,111,A,99,ILE,ILE,0.996,0.996,0,0,0,0,0,0,0,0,0,0.996,0,0,0.002,0,0,0,0,0,0,0.001
81,petase_tk14,112,A,100,ASP,ASP,0.874,0.874,0.006,0,0.053,0.874,0.005,0,0.003,0,0,0,0,0,0,0,0,0.047,0.012,0,0,0
82,petase_tk14,113,A,101,THR,THR,0.813,0.813,0.003,0,0.002,0,0.169,0,0,0,0,0,0,0,0,0,0.001,0.002,0.813,0,0,0.009
83,petase_tk14,114,A,102,ASN,THR,0.299,0.369,0,0.004,0.299,0.021,0.002,0.049,0.015,0,0,0.051,0.133,0.035,0.003,0,0,0.002,0.369,0,0,0.016
84,petase_tk14,115,A,103,SER,SER,0.977,0.977,0,0,0.005,0.016,0,0,0,0,0,0,0,0,0,0,0,0.977,0.001,0,0,0
85,petase_tk14,116,A,104,THR,THR,0.686,0.686,0.01,0,0.016,0.008,0.008,0.001,0.002,0,0,0.005,0.009,0,0,0,0,0.082,0.686,0,0,0.174
86,petase_tk14,117,A,105,LEU,GLU,0.055,0.197,0.002,0.048,0.179,0.055,0.004,0.083,0.197,0,0.012,0.002,0.055,0.146,0.042,0.002,0,0.021,0.147,0,0.001,0.005
87,petase_tk14,118,A,106,ASP,ASP,0.999,0.999,0,0,0,0.999,0,0,0,0,0,0,0,0,0,0,0,0.001,0,0,0,0
88,petase_tk14,119,A,107,GLN,GLN,0.199,0.199,0.003,0.057,0.017,0.01,0.002,0.199,0.04,0.001,0.03,0.004,0.198,0.093,0.116,0.108,0,0.002,0.052,0.023,0.031,0.014
89,petase_tk14,120,A,108,PRO,PRO,0.525,0.525,0.046,0,0.005,0.029,0.072,0.004,0.023,0,0,0,0,0,0.001,0,0.525,0.243,0.053,0,0,0
90,petase_tk14,121,A,109,GLU,GLU,0.668,0.668,0.062,0.005,0.015,0.084,0.001,0.021,0.668,0,0.003,0.001,0.013,0.027,0.003,0,0,0.069,0.024,0,0,0.004
91,petase_tk14,122,A,110,SER,SER,0.616,0.616,0.26,0,0.006,0.025,0.026,0.003,0.009,0,0,0,0,0.003,0,0,0,0.616,0.049,0,0,0.003
92,petase_tk14,123,A,111,ARG,ARG,0.976,0.976,0,0.976,0,0,0,0,0,0,0,0,0,0.022,0.002,0,0,0,0,0,0,0
93,petase_tk14,124,A,112,SER,ALA,0.352,0.647,0.647,0,0,0,0.001,0,0,0,0,0,0,0,0,0,0,0.352,0,0,0,0
94,petase_tk14,125,A,113,SER,SER,0.558,0.558,0.002,0.004,0.015,0.135,0.008,0.013,0.073,0,0,0,0.001,0.012,0.002,0,0,0.558,0.171,0,0,0.006
95,petase_tk14,126,A,114,GLN,GLN,0.763,0.763,0.011,0,0.003,0.003,0.001,0.763,0.134,0,0.001,0,0.005,0,0.046,0,0,0.032,0.001,0,0,0
96,petase_tk14,127,A,115,GLN,GLN,0.956,0.956,0.003,0.002,0.001,0,0.001,0.956,0.003,0,0,0,0.005,0.001,0.023,0,0,0.004,0.001,0,0,0
97,petase_tk14,128,A,116,MET,MET,0.982,0.982,0,0,0,0,0,0.011,0,0,0,0.003,0.004,0,0.982,0,0,0,0,0,0,0
98,petase_tk14,129,A,117,ALA,ALA,0.913,0.913,0.913,0,0,0,0,0,0,0,0,0,0,0,0,0,0,0.087,0,0,0,0
99,petase_tk14,130,A,118,ALA,ALA,0.96,0.96,0.96,0,0,0,0,0,0,0,0,0,0,0,0,0,0,0.04,0,0,0,0
100,petase_tk14,131,A,119,LEU,LEU,1,1,0,0,0,0,0,0,0,0,0,0,1,0,0,0,0,0,0,0,0,0
101,petase_tk14,132,A,120,ARG,ARG,0.47,0.47,0.003,0.47,0.035,0.031,0,0.218,0.063,0,0.043,0,0.001,0.104,0.01,0.003,0,0.005,0.001,0.008,0.005,0
102,petase_tk14,133,A,121,GLN,GLU,0.202,0.377,0,0,0.062,0.296,0,0.202,0.377,0,0.02,0,0.001,0.026,0.001,0,0,0,0.006,0,0,0.007
103,petase_tk14,134,A,122,VAL,VAL,0.848,0.848,0,0,0,0,0,0,0,0,0,0.144,0.007,0,0,0,0,0,0,0,0,0.848
104,petase_tk14,135,A,123,ALA,ALA,0.955,0.955,0.955,0,0,0,0.001,0,0,0,0,0,0,0.002,0,0,0,0.04,0.003,0,0,0
105,petase_tk14,136,A,124,SER,ALA,0.241,0.303,0.303,0.001,0.01,0.061,0.012,0.015,0.066,0.001,0.006,0,0.007,0.004,0.002,0.003,0,0.241,0.178,0,0.001,0.09
106,petase_tk14,137,A,125,LEU,LEU,0.7,0.7,0,0,0.001,0.001,0,0.006,0,0,0,0,0.7,0,0.291,0,0,0,0,0,0,0
107,petase_tk14,138,A,126,ASN,ASN,0.956,0.956,0,0.001,0.956,0.032,0,0.008,0.001,0,0.001,0,0,0,0,0,0,0,0,0,0,0
108,petase_tk14,139,A,127,GLY,GLY,0.939,0.939,0.057,0,0,0.001,0,0,0,0.939,0,0,0,0,0,0,0,0.003,0,0,0,0
109,petase_tk14,140,A,128,THR,ASP,0.034,0.804,0.013,0,0.037,0.804,0.002,0.003,0.022,0,0,0,0.002,0.001,0,0,0,0.074,0.034,0,0,0.005
110,petase_tk14,141,A,129,SER,SER,0.537,0.537,0.165,0.011,0.019,0.063,0.004,0.028,0.045,0,0.005,0.013,0.002,0.037,0.003,0.007,0,0.537,0.019,0.001,0.002,0.039
111,petase_tk14,142,A,130,SER,SER,0.734,0.734,0.059,0.002,0.005,0.026,0.001,0.003,0.015,0,0,0,0.001,0.005,0,0,0,0.734,0.148,0,0,0.001
112,petase_tk14,143,A,131,SER,SER,0.996,0.996,0.001,0,0.001,0.001,0.001,0,0,0,0,0,0,0,0,0,0,0.996,0.001,0,0,0
113,petase_tk14,144,A,132,PRO,PRO,0.991,0.991,0,0,0,0.002,0,0.003,0.003,0,0,0,0,0,0,0,0.991,0,0,0,0,0
114,petase_tk14,145,A,133,ILE,ILE,0.998,0.998,0,0,0,0,0,0,0,0,0,0.998,0,0,0,0,0,0,0,0,0,0.002
115,petase_tk14,146,A,134,TYR,TYR,0.62,0.62,0,0.003,0.012,0,0,0,0,0,0.114,0,0,0.004,0,0.242,0,0,0,0.001,0.62,0
116,petase_tk14,147,A,135,GLY,GLY,0.998,0.998,0,0,0.002,0,0,0,0,0.998,0,0,0,0,0,0,0,0,0,0,0,0
117,petase_tk14,148,A,136,LYS,LYS,0.97,0.97,0,0.002,0,0,0,0.001,0,0,0,0,0.001,0.97,0.024,0.002,0,0,0,0,0,0
118,petase_tk14,149,A,137,VAL,VAL,0.943,0.943,0,0,0.001,0,0.01,0,0,0,0,0.046,0,0,0,0,0,0,0,0,0,0.943
119,petase_tk14,150,A,138,ASP,ASP,1,1,0,0,0,1,0,0,0,0,0,0,0,0,0,0,0,0,0,0,0,0
120,petase_tk14,151,A,139,THR,THR,0.527,0.527,0,0,0.002,0.013,0.001,0.001,0.003,0,0.001,0.088,0,0,0,0.002,0,0.001,0.527,0,0,0.36
121,petase_tk14,152,A,140,ALA,SER,0.23,0.498,0.23,0.004,0.025,0.032,0.001,0.003,0.022,0.125,0,0,0,0.016,0,0,0,0.498,0.043,0,0,0
122,petase_tk14,153,A,141,ARG,ARG,0.942,0.942,0,0.942,0,0,0,0.001,0,0,0,0,0,0.053,0,0,0,0,0.002,0,0,0
123,petase_tk14,154,A,142,MET,GLN,0.328,0.487,0,0.013,0,0,0,0.487,0.022,0,0,0,0,0.148,0.328,0,0,0,0,0,0,0
124,petase_tk14,155,A,143,GLY,GLY,0.955,0.955,0.036,0,0,0,0.008,0,0,0.955,0,0,0,0,0,0,0,0.001,0,0,0,0
125,petase_tk14,156,A,144,VAL,VAL,0.981,0.981,0.003,0,0,0,0.001,0,0,0,0,0.002,0,0,0,0,0,0,0.014,0,0,0.981
126,petase_tk14,157,A,145,MET,MET,0.996,0.996,0,0,0,0,0,0.001,0,0,0,0,0,0.003,0.996,0,0,0,0,0,0,0
127,petase_tk14,158,A,146,GLY,GLY,1,1,0,0,0,0,0,0,0,1,0,0,0,0,0,0,0,0,0,0,0,0
128,petase_tk14,159,A,147,TRP,PHE,0.262,0.476,0,0,0,0,0,0,0,0,0.068,0,0,0,0,0.476,0,0,0,0.262,0.193,0
129,petase_tk14,160,A,148,SER,SER,0.898,0.898,0.032,0,0.002,0.014,0.055,0,0,0,0,0,0,0,0,0,0,0.898,0.001,0,0,0
130,petase_tk14,161,A,149,MET,MET,0.311,0.311,0,0.036,0.066,0.007,0.004,0.088,0.013,0,0.189,0,0.003,0.028,0.311,0.116,0,0,0.048,0.007,0.084,0
131,petase_tk14,162,A,150,GLY,GLY,1,1,0,0,0,0,0,0,0,1,0,0,0,0,0,0,0,0,0,0,0,0
132,petase_tk14,163,A,151,GLY,GLY,0.995,0.995,0.005,0,0,0,0,0,0,0.995,0,0,0,0,0,0,0,0,0,0,0,0
133,petase_tk14,164,A,152,GLY,GLY,1,1,0,0,0,0,0,0,0,1,0,0,0,0,0,0,0,0,0,0,0,0
134,petase_tk14,165,A,153,GLY,GLY,0.761,0.761,0.238,0,0,0,0,0,0,0.761,0,0,0,0,0,0,0,0.001,0,0,0,0
135,petase_tk14,166,A,154,SER,SER,0.833,0.833,0.165,0,0,0,0.001,0,0,0,0,0,0,0,0,0,0,0.833,0.001,0,0,0
136,petase_tk14,167,A,155,LEU,LEU,0.998,0.998,0,0,0,0,0,0,0,0,0,0,0.998,0,0.002,0,0,0,0,0,0,0
137,petase_tk14,168,A,156,ILE,ILE,0.586,0.586,0,0,0,0,0,0,0,0,0,0.586,0.409,0,0,0,0,0,0,0,0,0.005
138,petase_tk14,169,A,157,SER,SER,0.89,0.89,0.11,0,0,0,0.001,0,0,0,0,0,0,0,0,0,0,0.89,0,0,0,0
139,petase_tk14,170,A,158,ALA,ALA,0.994,0.994,0.994,0,0,0,0,0,0,0,0,0,0,0,0,0,0,0.006,0,0,0,0
140,petase_tk14,171,A,159,ALA,ALA,0.748,0.748,0.748,0,0,0,0,0,0,0,0,0,0,0,0,0,0,0.237,0.014,0,0,0
141,petase_tk14,172,A,160,ASN,ASN,0.31,0.31,0,0.017,0.31,0.05,0.001,0.111,0.279,0,0.01,0,0.053,0.145,0.008,0,0,0,0.014,0,0,0
142,petase_tk14,173,A,161,ASN,ASN,0.808,0.808,0,0,0.808,0.002,0.002,0,0.001,0,0.181,0,0,0,0,0,0,0.002,0.003,0,0,0
143,petase_tk14,174,A,162,PRO,PRO,0.94,0.94,0.003,0,0,0,0,0,0,0,0,0,0,0,0,0,0.94,0.057,0,0,0,0
144,petase_tk14,175,A,163,SER,ASP,0.197,0.344,0.028,0.01,0.062,0.344,0.004,0.021,0.12,0,0.002,0.002,0.005,0.049,0.006,0,0,0.197,0.143,0,0,0.006
145,petase_tk14,176,A,164,LEU,LEU,0.988,0.988,0,0,0,0,0,0,0,0,0,0.012,0.988,0,0,0,0,0,0,0,0,0
146,petase_tk14,177,A,165,LYS,LYS,0.917,0.917,0,0.069,0,0,0,0.005,0,0,0.004,0,0.001,0.917,0.002,0,0,0,0,0,0,0
147,petase_tk14,178,A,166,ALA,ALA,0.827,0.827,0.827,0,0.07,0.018,0.038,0,0,0,0,0,0,0,0,0,0,0.045,0,0,0,0
148,petase_tk14,179,A,167,ALA,ALA,0.587,0.587,0.587,0,0.002,0,0.298,0,0,0,0,0,0.001,0,0,0,0,0.073,0.009,0,0,0.03
149,petase_tk14,180,A,168,ALA,ALA,0.993,0.993,0.993,0,0,0,0.002,0,0,0.001,0,0,0,0,0,0,0,0.003,0,0,0,0
150,petase_tk14,181,A,169,PRO,PRO,1,1,0,0,0,0,0,0,0,0,0,0,0,0,0,0,1,0,0,0,0,0
151,petase_tk14,182,A,170,GLN,GLN,0.435,0.435,0.002,0,0.011,0.026,0.004,0.435,0.415,0,0.023,0.001,0.002,0.001,0.052,0.004,0,0.014,0.005,0,0.002,0.003
152,petase_tk14,183,A,171,ALA,SER,0.409,0.495,0.409,0,0.012,0.009,0.06,0.003,0.005,0.001,0,0,0,0,0.001,0,0,0.495,0.005,0,0,0.001
153,petase_tk14,184,A,172,PRO,PRO,1,1,0,0,0,0,0,0,0,0,0,0,0,0,0,0,1,0,0,0,0,0
154,petase_tk14,185,A,173,TRP,TRP,0.666,0.666,0,0.014,0,0,0,0.033,0.021,0,0.011,0,0.014,0.023,0.004,0.049,0,0,0,0.666,0.164,0
155,petase_tk14,186,A,174,HIS,ASP,0.278,0.436,0,0,0.151,0.436,0.002,0.004,0.02,0,0.278,0,0,0.001,0,0.019,0,0.001,0,0.041,0.046,0
156,petase_tk14,187,A,175,SER,SER,0.419,0.419,0.373,0.006,0.027,0.057,0.006,0.017,0.044,0.001,0.004,0.001,0.003,0.013,0.001,0.001,0.002,0.419,0.023,0,0.001,0.003
157,petase_tk14,188,A,176,SER,SER,0.987,0.987,0.003,0,0.002,0.003,0.001,0,0.001,0,0,0,0,0,0,0,0,0.987,0.003,0,0,0
158,petase_tk14,189,A,177,THR,THR,0.981,0.981,0,0,0.006,0,0.001,0,0,0,0,0,0,0,0,0,0,0.005,0.981,0,0,0.007
159,petase_tk14,190,A,178,ASN,ASP,0.251,0.599,0.009,0.001,0.251,0.599,0.001,0.001,0.003,0.001,0,0,0,0.001,0,0,0,0.11,0.02,0,0,0.002
160,petase_tk14,191,A,179,PHE,PHE,0.948,0.948,0,0,0,0,0,0,0,0,0,0,0,0,0,0.948,0,0,0,0.005,0.047,0
161,petase_tk14,192,A,180,SER,SER,0.884,0.884,0.009,0,0.023,0.044,0.001,0.001,0.002,0,0,0,0,0,0,0,0,0.884,0.036,0,0,0
162,petase_tk14,193,A,181,SER,SER,0.575,0.575,0.11,0.003,0.03,0.06,0.005,0.013,0.018,0,0.002,0.002,0.001,0.01,0.001,0,0,0.575,0.128,0,0,0.043
163,petase_tk14,194,A,182,VAL,VAL,0.703,0.703,0,0,0.061,0,0.002,0,0,0,0,0.188,0.01,0,0.001,0,0,0,0.034,0,0,0.703
164,petase_tk14,195,A,183,THR,THR,0.945,0.945,0.001,0,0,0,0.002,0,0.001,0,0,0.003,0,0,0,0,0,0.02,0.945,0,0,0.026
165,petase_tk14,196,A,184,VAL,VAL,0.83,0.83,0.013,0,0,0,0.017,0,0,0,0,0.013,0,0,0,0,0,0.021,0.105,0,0,0.83
166,petase_tk14,197,A,185,PRO,ALA,0.424,0.56,0.56,0,0,0,0,0,0,0,0,0,0,0,0,0,0.424,0.015,0,0,0,0
167,petase_tk14,198,A,186,THR,THR,0.611,0.611,0,0,0,0,0.004,0,0,0,0,0.001,0,0,0,0,0,0,0.611,0,0,0.384
168,petase_tk14,199,A,187,LEU,LEU,0.981,0.981,0,0,0,0,0,0,0,0,0.011,0,0.981,0,0.007,0,0,0,0,0,0,0
169,petase_tk14,200,A,188,ILE,ILE,0.82,0.82,0,0,0,0,0,0,0,0,0,0.82,0.002,0,0,0,0,0,0,0,0,0.179
170,petase_tk14,201,A,189,PHE,PHE,0.729,0.729,0,0,0,0,0,0,0,0,0,0.084,0.106,0,0.003,0.729,0,0,0,0.005,0.072,0
171,petase_tk14,202,A,190,ALA,ALA,0.957,0.957,0.957,0,0,0,0,0,0,0,0,0,0,0,0,0,0,0.043,0,0,0,0
172,petase_tk14,203,A,191,CYS,CYS,0.965,0.965,0.031,0,0,0,0.965,0,0,0,0,0,0,0,0.001,0,0,0.003,0,0,0,0
173,petase_tk14,204,A,192,GLU,GLU,0.943,0.943,0.001,0,0.001,0.01,0,0.038,0.943,0,0.001,0,0,0.002,0,0,0,0.003,0,0,0,0
174,petase_tk14,205,A,193,ASN,ASN,0.49,0.49,0,0.02,0.49,0.074,0.001,0.154,0.056,0,0.005,0.003,0.057,0.114,0.008,0,0,0.001,0.013,0,0,0.002
175,petase_tk14,206,A,194,ASP,ASP,0.797,0.797,0.029,0,0.005,0.797,0.003,0,0,0,0,0,0,0,0,0,0,0.167,0,0,0,0
176,petase_tk14,207,A,195,SER,ASP,0.085,0.462,0.051,0.027,0.188,0.462,0.007,0.011,0.058,0,0.005,0.008,0.002,0.01,0.003,0.002,0,0.085,0.061,0,0.002,0.02
177,petase_tk14,208,A,196,ILE,VAL,0.23,0.599,0,0.009,0.002,0.001,0.001,0.007,0.009,0,0,0.23,0.017,0.007,0.006,0,0,0.002,0.108,0,0,0.599
178,petase_tk14,209,A,197,ALA,ALA,0.679,0.679,0.679,0,0.055,0.003,0.049,0,0,0.003,0.002,0,0,0,0,0,0,0.135,0.069,0.001,0,0.002
179,petase_tk14,210,A,198,PRO,PRO,0.593,0.593,0.183,0.028,0.008,0.003,0.004,0.034,0.029,0,0.002,0.001,0,0.044,0.004,0,0.593,0.058,0.007,0,0,0.002
180,petase_tk14,211,A,199,VAL,VAL,0.7,0.7,0.004,0,0.183,0.004,0.007,0.004,0.001,0,0.001,0.009,0,0,0.003,0,0.016,0.005,0.062,0,0.001,0.7
181,petase_tk14,212,A,200,ASN,ASP,0.159,0.323,0.208,0.011,0.159,0.323,0.003,0.014,0.131,0,0.027,0.005,0.004,0.041,0.002,0.009,0,0.047,0.004,0,0.003,0.007
182,petase_tk14,213,A,201,SER,SER,0.514,0.514,0.008,0.002,0.002,0.004,0.001,0.01,0.024,0,0,0.001,0.001,0.007,0,0,0,0.514,0.411,0,0,0.016
183,petase_tk14,214,A,202,SER,SER,0.496,0.496,0.331,0,0.006,0.004,0.126,0,0,0.001,0,0,0,0,0,0,0,0.496,0.035,0,0,0
184,petase_tk14,215,A,203,ALA,ALA,0.675,0.675,0.675,0,0,0.004,0.001,0.002,0,0,0,0,0,0,0,0,0,0.318,0,0,0,0
185,petase_tk14,216,A,204,LEU,LEU,0.991,0.991,0,0.001,0,0,0,0.004,0,0,0,0,0.991,0.003,0.001,0,0,0,0,0,0,0
186,petase_tk14,217,A,205,PRO,PRO,1,1,0,0,0,0,0,0,0,0,0,0,0,0,0,0,1,0,0,0,0,0
187,petase_tk14,218,A,206,ILE,ILE,0.867,0.867,0,0,0,0,0,0.005,0,0,0,0.867,0,0,0.122,0,0,0,0.001,0,0,0.004
188,petase_tk14,219,A,207,TYR,TYR,0.696,0.696,0,0,0,0,0,0,0,0,0,0,0,0,0,0.298,0,0,0,0.005,0.696,0
189,petase_tk14,220,A,208,ASP,ASP,0.694,0.694,0,0,0.238,0.694,0.001,0.003,0.059,0,0,0,0.002,0.001,0.001,0,0,0.001,0.001,0,0,0.001
190,petase_tk14,221,A,209,SER,SER,0.965,0.965,0.034,0,0,0,0,0,0,0,0,0,0,0,0,0,0,0.965,0.001,0,0,0
191,petase_tk14,222,A,210,MET,MET,0.89,0.89,0,0,0,0,0,0.108,0.002,0,0,0,0,0,0.89,0,0,0,0,0,0,0
192,petase_tk14,223,A,211,SER,THR,0.325,0.636,0.002,0.001,0.017,0.01,0.002,0.001,0.003,0,0,0,0,0.001,0,0,0,0.325,0.636,0,0,0.001
193,petase_tk14,224,A,212,GLN,LEU,0.206,0.329,0.002,0.021,0.119,0.018,0.003,0.206,0.035,0,0.067,0,0.329,0.142,0.017,0.009,0,0.006,0.013,0.003,0.01,0.001
194,petase_tk14,225,A,213,ASN,CYS,0.291,0.349,0.006,0,0.291,0,0.349,0,0,0,0,0,0,0,0,0,0,0.044,0.309,0,0,0
195,petase_tk14,226,A,214,ALA,ALA,0.535,0.535,0.535,0,0,0,0.004,0,0,0,0,0,0,0,0,0,0.057,0.333,0.07,0,0,0
196,petase_tk14,227,A,215,LYS,LYS,0.947,0.947,0,0.053,0,0,0,0,0,0,0,0,0,0.947,0,0,0,0,0,0,0,0
197,petase_tk14,228,A,216,GLN,GLN,0.648,0.648,0.002,0,0,0,0.014,0.648,0.112,0,0,0,0.005,0,0.203,0,0,0.014,0.002,0,0,0
198,petase_tk14,229,A,217,PHE,PHE,0.901,0.901,0,0,0,0,0,0,0,0,0.001,0,0.031,0,0.001,0.901,0,0,0,0,0.066,0
199,petase_tk14,230,A,218,LEU,LEU,0.881,0.881,0,0,0,0,0,0,0,0,0,0.102,0.881,0,0,0,0,0,0,0,0,0.016
200,petase_tk14,231,A,219,GLU,GLN,0.258,0.414,0.001,0.001,0.092,0.017,0.102,0.414,0.258,0,0,0,0.002,0.004,0.044,0,0,0.065,0,0,0,0
201,petase_tk14,232,A,220,ILE,ILE,0.81,0.81,0,0,0,0,0,0,0,0,0,0.81,0.177,0,0.008,0,0,0,0,0,0,0.004
202,petase_tk14,233,A,221,LYS,LYS,0.816,0.816,0,0.022,0.01,0.002,0,0.031,0.005,0,0.081,0,0,0.816,0.001,0.017,0,0,0,0,0.014,0
203,petase_tk14,234,A,222,GLY,GLY,1,1,0,0,0,0,0,0,0,1,0,0,0,0,0,0,0,0,0,0,0,0
204,petase_tk14,235,A,223,GLY,GLY,1,1,0,0,0,0,0,0,0,1,0,0,0,0,0,0,0,0,0,0,0,0
205,petase_tk14,236,A,224,SER,ASP,0.293,0.399,0.246,0.002,0.023,0.399,0.001,0.009,0.006,0,0,0,0,0.005,0,0,0,0.293,0.014,0,0,0.001
206,petase_tk14,237,A,225,HIS,HIS,0.994,0.994,0,0,0.006,0,0,0,0,0,0.994,0,0,0,0,0,0,0,0,0,0,0
207,petase_tk14,238,A,226,SER,SER,0.477,0.477,0.421,0,0.029,0.039,0.001,0,0,0.031,0,0,0,0,0,0,0,0.477,0.003,0,0,0
208,petase_tk14,239,A,227,CYS,CYS,0.988,0.988,0.011,0,0,0,0.988,0,0,0,0,0,0,0,0,0,0,0.001,0,0,0,0
209,petase_tk14,240,A,228,ALA,CYS,0.317,0.582,0.317,0,0.002,0,0.582,0.001,0,0,0,0,0,0,0,0,0,0.03,0.038,0,0,0.027
210,petase_tk14,241,A,229,ASN,ASN,0.364,0.364,0.052,0,0.364,0.029,0.112,0,0,0.14,0,0.004,0,0,0,0,0,0.023,0.144,0,0,0.13
211,petase_tk14,242,A,230,SER,SER,0.498,0.498,0.131,0,0.002,0.03,0.001,0,0.001,0,0,0,0,0,0,0,0,0.498,0.335,0,0,0.001
212,petase_tk14,243,A,231,GLY,GLY,1,1,0,0,0,0,0,0,0,1,0,0,0,0,0,0,0,0,0,0,0,0
213,petase_tk14,244,A,232,ASN,ASN,0.812,0.812,0,0,0.812,0,0.054,0.002,0,0,0.008,0,0,0,0.001,0,0,0.001,0.123,0,0,0
214,petase_tk14,245,A,233,SER,SER,0.479,0.479,0.123,0.015,0.033,0.153,0.002,0.017,0.051,0.006,0,0,0.001,0.036,0.001,0,0,0.479,0.082,0,0,0.001
215,petase_tk14,246,A,234,ASN,ASN,0.779,0.779,0,0,0.779,0.024,0.013,0.017,0.134,0,0.003,0,0,0,0,0,0,0.016,0.013,0,0,0.001
216,petase_tk14,247,A,235,GLN,GLN,0.721,0.721,0.001,0,0.003,0.001,0.004,0.721,0.158,0,0.001,0,0,0.023,0.069,0,0,0.004,0.016,0,0,0
217,petase_tk14,248,A,236,ALA,ALA,0.651,0.651,0.651,0,0.002,0.015,0,0,0.001,0.02,0,0,0,0.001,0,0,0,0.308,0.001,0,0,0
218,petase_tk14,249,A,237,LEU,LEU,0.973,0.973,0,0,0,0,0,0,0,0,0,0.007,0.973,0,0,0,0,0,0.008,0,0,0.011
219,petase_tk14,250,A,238,ILE,ILE,0.702,0.702,0,0,0,0,0,0.003,0,0,0,0.702,0.272,0,0.002,0,0,0,0,0,0,0.021
220,petase_tk14,251,A,239,GLY,GLY,1,1,0,0,0,0,0,0,0,1,0,0,0,0,0,0,0,0,0,0,0,0
221,petase_tk14,252,A,240,LYS,LYS,0.966,0.966,0,0.018,0,0,0,0,0,0,0,0,0,0.966,0.016,0,0,0,0,0,0,0
222,petase_tk14,253,A,241,LYS,LYS,0.904,0.904,0,0.006,0,0,0,0.02,0.069,0,0,0,0,0.904,0.001,0,0,0,0,0,0,0
223,petase_tk14,254,A,242,GLY,GLY,1,1,0,0,0,0,0,0,0,1,0,0,0,0,0,0,0,0,0,0,0,0
224,petase_tk14,255,A,243,VAL,VAL,0.976,0.976,0,0,0.006,0,0,0,0,0,0,0.017,0,0,0,0,0,0,0.001,0,0,0.976
225,petase_tk14,256,A,244,ALA,ALA,0.609,0.609,0.609,0,0,0,0,0,0,0,0,0,0,0,0,0,0,0.391,0,0,0,0
226,petase_tk14,257,A,245,TRP,TRP,1,1,0,0,0,0,0,0,0,0,0,0,0,0,0,0,0,0,0,1,0,0
227,petase_tk14,258,A,246,MET,MET,0.966,0.966,0,0,0.005,0,0.022,0.001,0,0,0.004,0,0.001,0,0.966,0.001,0,0,0,0,0,0
228,petase_tk14,259,A,247,LYS,LYS,0.981,0.981,0,0.019,0,0,0,0,0,0,0,0,0,0.981,0,0,0,0,0,0,0,0
229,petase_tk14,260,A,248,ARG,ARG,0.967,0.967,0,0.967,0,0,0,0.001,0,0,0.005,0,0,0.024,0,0.001,0,0,0,0,0.002,0
230,petase_tk14,261,A,249,PHE,TRP,0.381,0.441,0,0,0,0,0,0,0,0,0,0,0,0,0,0.381,0,0,0,0.441,0.178,0
231,petase_tk14,262,A,250,MET,LEU,0.267,0.388,0,0,0.007,0,0.001,0,0,0,0,0.232,0.388,0,0.267,0,0,0,0.001,0,0,0.102
232,petase_tk14,263,A,251,ASP,HIS,0.197,0.309,0,0,0.252,0.197,0.001,0.12,0.109,0,0.309,0,0,0.002,0.007,0.001,0,0,0,0,0.001,0
233,petase_tk14,264,A,252,ASN,ASP,0.31,0.473,0.003,0.005,0.31,0.473,0.006,0.038,0.087,0,0.001,0,0.017,0.017,0.004,0,0,0.036,0.002,0,0,0.001
234,petase_tk14,265,A,253,ASP,ASP,1,1,0,0,0,1,0,0,0,0,0,0,0,0,0,0,0,0,0,0,0,0
235,petase_tk14,266,A,254,THR,VAL,0.308,0.314,0.001,0.004,0.034,0.107,0.002,0.005,0.032,0,0.002,0.161,0.005,0.007,0.002,0.001,0,0.016,0.308,0,0,0.314
236,petase_tk14,267,A,255,ARG,ARG,0.813,0.813,0,0.813,0.028,0,0,0.028,0.005,0,0.005,0,0.006,0.107,0.006,0,0,0,0,0,0.001,0
237,petase_tk14,268,A,256,TYR,TYR,0.95,0.95,0,0,0,0,0,0,0,0,0,0,0,0,0,0.05,0,0,0,0,0.95,0
238,petase_tk14,269,A,257,SER,SER,0.54,0.54,0.426,0,0.001,0.021,0.002,0.001,0,0,0,0,0,0,0,0,0,0.54,0.009,0,0,0
239,petase_tk14,270,A,258,THR,VAL,0.203,0.289,0.011,0.011,0.056,0.019,0.007,0.113,0.075,0,0.005,0.113,0.022,0.037,0.018,0,0,0.02,0.203,0,0,0.289
240,petase_tk14,271,A,259,PHE,PHE,0.786,0.786,0,0,0,0,0,0.001,0.001,0,0.066,0,0,0.002,0,0.786,0,0,0,0.001,0.143,0
241,petase_tk14,272,A,260,ALA,ALA,0.991,0.991,0.991,0,0,0,0.001,0,0,0,0,0,0,0,0,0,0,0.008,0.001,0,0,0
242,petase_tk14,273,A,261,CYS,CYS,0.999,0.999,0.001,0,0,0,0.999,0,0,0,0,0,0,0,0,0,0,0,0,0,0,0
243,petase_tk14,274,A,262,GLU,MET,0.154,0.534,0,0.002,0.001,0,0,0.124,0.154,0,0.006,0.019,0.037,0.053,0.534,0.06,0,0,0,0,0.008,0.001
244,petase_tk14,275,A,263,ASN,ASN,0.555,0.555,0,0.001,0.555,0.285,0,0.02,0.057,0,0.011,0,0,0.068,0.002,0,0,0,0,0,0,0
245,petase_tk14,276,A,264,PRO,PRO,0.981,0.981,0.019,0,0,0,0,0,0,0,0,0,0,0,0,0,0.981,0,0,0,0,0
246,petase_tk14,277,A,265,ASN,ASN,0.259,0.259,0.021,0.059,0.259,0.098,0.004,0.09,0.138,0.001,0.059,0.01,0.055,0.117,0.012,0.002,0.001,0.03,0.017,0,0.001,0.027
247,petase_tk14,278,A,266,SER,SER,0.942,0.942,0.002,0,0.001,0.053,0.001,0,0.001,0,0,0,0,0,0,0,0,0.942,0,0,0,0
248,petase_tk14,279,A,267,THR,ASP,0.167,0.36,0.009,0.019,0.034,0.36,0.001,0.017,0.167,0,0.008,0.009,0.004,0.064,0.003,0.001,0,0.117,0.167,0,0.001,0.019
249,petase_tk14,280,A,268,ALA,ALA,0.729,0.729,0.729,0,0,0.002,0,0,0,0.031,0,0,0,0,0,0,0,0.237,0,0,0,0
250,petase_tk14,281,A,269,VAL,VAL,0.996,0.996,0,0,0,0,0,0,0,0,0,0.003,0,0,0,0,0,0,0,0,0,0.996
251,petase_tk14,282,A,270,SER,SER,0.852,0.852,0.135,0,0,0,0,0,0,0.013,0,0,0,0,0,0,0,0.852,0,0,0,0
252,petase_tk14,283,A,271,ASP,ASP,0.923,0.923,0,0,0.053,0.923,0,0.001,0.021,0,0,0,0,0,0,0,0,0.001,0.001,0,0,0
253,petase_tk14,284,A,272,PHE,PHE,0.624,0.624,0,0,0,0,0,0,0,0,0,0,0,0,0,0.624,0,0,0,0.001,0.376,0
254,petase_tk14,285,A,273,ARG,ARG,0.922,0.922,0,0.922,0,0,0,0.002,0,0,0,0,0,0.074,0.002,0,0,0,0,0,0,0
255,petase_tk14,286,A,274,THR,THR,0.734,0.734,0.007,0,0.003,0.001,0.009,0.048,0.013,0,0,0,0,0.001,0.006,0,0,0.039,0.734,0,0,0.14
256,petase_tk14,287,A,275,ALA,ALA,0.475,0.475,0.475,0.001,0.008,0.055,0.004,0.003,0.007,0.01,0.004,0,0,0.003,0,0,0,0.428,0.003,0,0,0
257,petase_tk14,288,A,276,ASN,ASN,0.777,0.777,0,0.02,0.777,0.024,0,0.066,0.011,0,0.035,0.001,0.02,0.027,0.007,0.007,0,0,0,0.001,0.003,0
258,petase_tk14,289,A,277,CYS,CYS,0.981,0.981,0,0,0,0,0.981,0,0,0,0,0,0,0,0,0,0,0,0.01,0,0,0.008
259,petase_tk14,290,A,278,SER,SER,0.281,0.281,0.066,0.035,0.062,0.153,0.004,0.028,0.066,0.063,0.009,0.006,0.012,0.039,0.004,0.003,0.001,0.281,0.138,0.001,0.003,0.028